"year","lat","lon","sitenum","zonenum","cover","speciesnum","phylum","class","genus","species","spectype","specgroup","spectroph","covertype","development","pldDays","chla_mean","chla_std","filter_chla_mean","filter_chla_n","filter_chla_std","sst_mean","sst_std","filter_sst_mean","filter_sst_n","filter_sst_std","upw_mean","upw_std","filter_upw_mean","filter_upw_n","filter_upw_std","mytilus.rec"
1999,39.272500038147,-123.7975025177,24,2,32.7667,75,"Mollusca","Bivalvia","Mytilus","californianus","Mussel","Invert","Susp","Percent","Plankfeed",9,1.02482089911824,0.781241500984185,0.855416002511978,125,0.398512659000643,11.415221780859,1.30969705759142,11.1875000144496,330,0.957534434739685,94.7017788887024,121.214884384246,72.5878347396851,20,92.2389545324491,0
1999,39.3400001525879,-123.819999694824,23,2,39.6333,75,"Mollusca","Bivalvia","Mytilus","californianus","Mussel","Invert","Susp","Percent","Plankfeed",9,1.09050819741898,0.863434700732447,0.883716815604573,113,0.423278414614809,11.3594026621816,1.26454868376344,11.1067953109741,298,0.904550734913901,94.7017788887024,121.214884384246,72.5878347396851,20,92.2389545324491,0
1999,39.4149990081787,-123.809997558594,22,2,0.2667,75,"Mollusca","Bivalvia","Mytilus","californianus","Mussel","Invert","Susp","Percent","Plankfeed",9,1.18831395305866,0.964655937099541,0.937215189767789,79,0.466385339850352,11.3096000035604,1.22760554407677,11.0722679692114,334,0.914028804941002,94.7017788887024,121.214884384246,72.5878347396851,20,92.2389545324491,0
1999,39.5974988937378,-123.779998779297,21,2,46.5667,75,"Mollusca","Bivalvia","Mytilus","californianus","Mussel","Invert","Susp","Percent","Plankfeed",9,1.48062886558857,1.83433485177098,1.078637360544,91,0.672373333978497,11.251666653951,1.19016686129833,11.1098484752154,198,0.965360062973576,93.6817865868409,165.067129137466,121.221494902264,22,143.25454327328,0
1999,40.0200004577637,-124.073333740234,20,2,22.6,75,"Mollusca","Bivalvia","Mytilus","californianus","Mussel","Invert","Susp","Percent","Plankfeed",9,1.31794736636312,1.89203815912173,0.929933334721459,90,0.487906733658717,11.2768156248764,1.3551330338089,11.1646634370853,312,1.07755796590722,93.6817865868409,165.067129137466,121.221494902264,22,143.25454327328,0
1999,41.060001373291,-124.150001525879,19,2,26.8667,75,"Mollusca","Bivalvia","Mytilus","californianus","Mussel","Invert","Susp","Percent","Plankfeed",9,3.16024812719876,4.83511857804057,2.11167999458313,125,1.73552256451134,10.8148304809958,1.3465802750595,10.49518023464,319,0.892537971414785,74.612119803826,173.938680375538,79.0670449852943,20,140.695070170353,0
1999,43.2999992370605,-124.400001525879,18,2,47.8667,75,"Mollusca","Bivalvia","Mytilus","californianus","Mussel","Invert","Susp","Percent","Plankfeed",9,2.20359016051058,2.40328295325357,1.56724325171462,111,0.98597168629252,10.9271265243594,1.46991878136428,10.6274655762069,218,0.889090551520204,-32.7445004781087,154.067622245615,-1.30854519930753,11,118.474025218659,10.1620356075976
1999,43.310001373291,-124.393333435059,17,2,30.7,75,"Mollusca","Bivalvia","Mytilus","californianus","Mussel","Invert","Susp","Percent","Plankfeed",9,2.20359016051058,2.40328295325357,1.56724325171462,111,0.98597168629252,10.9271265243594,1.46991878136428,10.6274655762069,218,0.889090551520204,-32.7445004781087,154.067622245615,-1.30854519930753,11,118.474025218659,10.2549239332888
1999,43.3300018310547,-124.374000549316,16,2,26.7667,75,"Mollusca","Bivalvia","Mytilus","californianus","Mussel","Invert","Susp","Percent","Plankfeed",9,2.10281818183986,2.31382844735836,1.52938614800425,101,0.918216461406942,10.997763128448,1.47657137473895,10.687647620524,254,0.883970802257632,-32.7445004781087,154.067622245615,-1.30854519930753,11,118.474025218659,10.3558366430371
1999,44.2000007629395,-124.110000610352,15,2,42.3,75,"Mollusca","Bivalvia","Mytilus","californianus","Mussel","Invert","Susp","Percent","Plankfeed",9,4.80846297023473,5.97031806997248,3.33492929947497,99,2.91043510268233,10.9407426762282,1.67791114636571,10.3411874818802,200,1.07204742158756,-43.0202072461446,143.572483265992,-14.118407682939,22,111.512528780081,22.9035715861969
1999,44.218334197998,-124.110000610352,14,2,68,75,"Mollusca","Bivalvia","Mytilus","californianus","Mussel","Invert","Susp","Percent","Plankfeed",9,4.80846297023473,5.97031806997248,3.33492929947497,99,2.91043510268233,10.975914633371,1.69499443555924,10.3773058085766,206,1.09776120599914,-43.0202072461446,143.572483265992,-14.118407682939,22,111.512528780081,23.2466528916658
1999,44.2425012588501,-124.110000610352,13,2,60.0667,75,"Mollusca","Bivalvia","Mytilus","californianus","Mussel","Invert","Susp","Percent","Plankfeed",9,4.50837932989515,5.77896312966115,2.98216458438318,79,2.46374002061813,10.975914633371,1.69499443555924,10.3773058085766,206,1.09776120599914,-43.0202072461446,143.572483265992,-14.118407682939,22,111.512528780081,23.6989012979263
1999,44.7466672261556,-124.059997558594,12,2,75.3333,75,"Mollusca","Bivalvia","Mytilus","californianus","Mussel","Invert","Susp","Percent","Plankfeed",9,4.08836783657129,3.87276676177694,3.17182501740754,80,2.17229277084027,11.1840211895277,2.29534600126217,10.2901278083975,176,1.27179478572164,-44.4201656977336,114.107265444282,-22.5151807611639,22,90.2261458458658,32.4265356171116
1999,44.8066673278809,-124.059997558594,11,2,78,75,"Mollusca","Bivalvia","Mytilus","californianus","Mussel","Invert","Susp","Percent","Plankfeed",9,4.08218350022211,3.62708110962967,3.22314001470804,100,2.05068965737217,11.2228723039018,2.32662221356514,10.2839377902332,193,1.27869500436304,-44.4201656977336,114.107265444282,-22.5151807611639,22,90.2261458458658,33.5493428358627
1999,44.8266677856445,-124.056666056315,10,2,69.7333,75,"Mollusca","Bivalvia","Mytilus","californianus","Mussel","Invert","Susp","Percent","Plankfeed",9,4.12529671879915,3.85862165893564,3.08241465069899,82,2.01657066833357,11.2754825938162,2.35842102259982,10.3029028182911,211,1.30567069864759,-44.4201656977336,114.107265444282,-22.5151807611639,22,90.2261458458658,33.8765128652367
1999,45.9300003051758,-123.986666361491,8,2,85,75,"Mollusca","Bivalvia","Mytilus","californianus","Mussel","Invert","Susp","Percent","Plankfeed",9,6.98768524163299,7.40379306096679,4.85864287310717,98,3.25960711133732,11.131047084734,2.06541765596274,10.5165399362832,263,1.30084554964696,-35.5444173812866,92.7646207303517,-18.1020913557573,11,75.7413739481441,53.5338539453276
2000,32.7116661071777,-117.25,48,2,1.0667,75,"Mollusca","Bivalvia","Mytilus","californianus","Mussel","Invert","Susp","Percent","Plankfeed",9,1.02038356467877,0.965854753491859,0.771270679464018,133,0.479526575518849,17.2554404006721,2.2346088308472,16.7346774126428,341,1.81507761368137,69.2296657164892,49.8447829484918,69.227099609375,10,42.306274998833,2.30752953682149
2000,32.8199996948242,-117.276664733887,47,2,46.7,75,"Mollusca","Bivalvia","Mytilus","californianus","Mussel","Invert","Susp","Percent","Plankfeed",9,0.808580112720721,0.815133424284471,0.630662721995066,169,0.374014107406282,17.3168117064464,2.24833591736097,16.7228102301159,274,1.774507342309,69.2296657164892,49.8447829484918,69.227099609375,10,42.306274998833,2.36712810538164
2000,32.8400001525879,-117.279998779297,46,2,10.6,75,"Mollusca","Bivalvia","Mytilus","californianus","Mussel","Invert","Susp","Percent","Plankfeed",9,0.687674243116018,0.528135251948153,0.56708943044267,123,0.245258313587629,17.3436169996329,2.28190201754803,16.7482652936663,245,1.80823639438161,69.2296657164892,49.8447829484918,69.227099609375,10,42.306274998833,2.37968431233997
2000,33.439998626709,-118.476669311523,45,2,2.8,75,"Mollusca","Bivalvia","Mytilus","californianus","Mussel","Invert","Susp","Percent","Plankfeed",9,0.456279849939382,0.307244907338591,0.37894693819844,245,0.153063577640689,17.1966644914657,2.08917205817736,16.9077004112104,711,1.91852815406205,57.3170409897963,44.1982210243755,48.737849509716,20,32.5940805727799,1.68428729538776
2000,33.4500007629395,-118.480003356934,44,2,0.9333,75,"Mollusca","Bivalvia","Mytilus","californianus","Mussel","Invert","Susp","Percent","Plankfeed",9,0.456279849939382,0.307244907338591,0.37894693819844,245,0.153063577640689,17.1966644914657,2.08917205817736,16.9077004112104,711,1.91852815406204,57.3170409897963,44.1982210243755,48.737849509716,20,32.5940805727799,1.68893724558751
2000,33.4599990844727,-118.519996643066,43,2,0.4,75,"Mollusca","Bivalvia","Mytilus","californianus","Mussel","Invert","Susp","Percent","Plankfeed",9,0.443809701880412,0.283637538774025,0.380959677600092,248,0.15126805044542,17.1657744822578,2.08886678520559,16.8638059630323,804,1.90501825140346,45.4044162631035,33.7437674319098,45.5130998849869,10,27.0167413598607,1.65774654242486
2000,33.7000007629395,-118.286666870117,42,2,29.8333,75,"Mollusca","Bivalvia","Mytilus","californianus","Mussel","Invert","Susp","Percent","Plankfeed",9,1.16630542080097,1.07768182775378,0.923043012378677,186,0.627276150879044,17.1798294728453,2.25446477171647,16.8784650199467,487,2.08321436891805,45.4044162631035,33.7437674319098,45.5130998849869,10,27.0167413598607,2.07563029158018
2000,33.7099990844727,-118.309997558594,41,2,22.1667,75,"Mollusca","Bivalvia","Mytilus","californianus","Mussel","Invert","Susp","Percent","Plankfeed",9,1.16630542080097,1.07768182775378,0.923043012378677,186,0.627276150879044,17.0944473733206,2.24222686420495,16.7364975956251,424,2.02543078414238,45.4044162631035,33.7437674319098,45.5130998849869,10,27.0167413598607,2.06072874531586
2000,33.7599983215332,-118.419998168945,40,2,53.5667,75,"Mollusca","Bivalvia","Mytilus","californianus","Mussel","Invert","Susp","Percent","Plankfeed",9,1.12200613886666,0.975273793516937,0.898106670876344,150,0.53699591503048,16.901242370296,2.2025418089631,16.457301122492,440,1.89680942721302,45.4044162631035,33.7437674319098,45.5130998849869,10,27.0167413598607,1.99273077631637
2000,34.0366655985514,-119.663335164388,38,2,47.0333,75,"Mollusca","Bivalvia","Mytilus","californianus","Mussel","Invert","Susp","Percent","Plankfeed",9,1.1841866672039,1.23182895780526,0.881230769105829,208,0.464184255767215,15.5440870973579,1.74252590074328,15.4098722276896,685,1.65415821681337,77.1861252784729,57.0644384018698,83.2294288816906,21,44.594633655318,1.10325006026557
2000,34.043332417806,-119.780001322428,39,2,50.2,75,"Mollusca","Bivalvia","Mytilus","californianus","Mussel","Invert","Susp","Percent","Plankfeed",9,1.4789780216776,1.44486889202897,1.11096414436857,251,0.668646670782025,15.3691143241164,1.77953525847996,15.2511309230138,630,1.679444447911,77.1861252784729,57.0644384018698,83.2294288816906,21,44.594633655318,0.866667193909357
2000,34.060001373291,-119.850001017253,37,2,42.0667,75,"Mollusca","Bivalvia","Mytilus","californianus","Mussel","Invert","Susp","Percent","Plankfeed",9,1.77947619426381,1.79595455659702,1.29891935531651,248,0.794822199880794,15.1609325902215,1.81377698676402,14.9781355777029,590,1.67514932825711,77.1861252784729,57.0644384018698,83.2294288816906,21,44.594633655318,0.647162246578101
2000,34.4540008544922,-120.055999755859,36,2,53,75,"Mollusca","Bivalvia","Mytilus","californianus","Mussel","Invert","Susp","Percent","Plankfeed",9,2.16032432543265,1.71059402914275,1.69954135005635,133,0.981190002212501,15.0901639057639,1.83343494088667,14.8236363439849,330,1.54753227677847,77.1861252784729,57.0644384018698,83.2294288816906,21,44.594633655318,0.747063311383778
2000,34.4599990844727,-120.268179460005,35,2,42.7,75,"Mollusca","Bivalvia","Mytilus","californianus","Mussel","Invert","Susp","Percent","Plankfeed",9,2.26676397108884,1.6531654477605,1.86708903598459,146,1.05852031738162,14.8790291239162,1.77062289060353,14.5114436082437,355,1.44722345600704,77.1861252784729,57.0644384018698,83.2294288816906,21,44.594633655318,0.208286390960518
2000,34.4599990844727,-120.269996643066,34,2,58,75,"Mollusca","Bivalvia","Mytilus","californianus","Mussel","Invert","Susp","Percent","Plankfeed",9,2.26676397108884,1.6531654477605,1.86708903598459,146,1.05852031738162,14.8790291239162,1.77062289060353,14.5114436082437,355,1.44722345600704,77.1861252784729,57.0644384018698,83.2294288816906,21,44.594633655318,0.206517839479457
2000,35.6100006103516,-121.150001525879,33,2,8.4483,75,"Mollusca","Bivalvia","Mytilus","californianus","Mussel","Invert","Susp","Percent","Plankfeed",9,2.40388542848329,2.10543667872594,1.90252273665233,88,1.28629454618925,13.1152834023541,1.30581233724664,12.7962053673608,224,0.871024646138024,84.3648289938768,65.8996174428195,91.0989950384412,21,53.1619344243023,0.440350761667728
2000,35.6300010681152,-121.190002441406,32,2,20.8966,75,"Mollusca","Bivalvia","Mytilus","californianus","Mussel","Invert","Susp","Percent","Plankfeed",9,2.30719230858943,2.51336151005592,1.7784069009896,145,1.24710194546989,13.1504378986966,1.36004505053874,12.8231316800644,281,0.909665879325332,84.3648289938768,65.8996174428195,91.0989950384412,21,53.1619344243023,0.482575421900098
2000,35.6599998474121,-121.279998779297,31,2,6.2069,75,"Mollusca","Bivalvia","Mytilus","californianus","Mussel","Invert","Susp","Percent","Plankfeed",9,2.36598611064255,2.70261942718163,1.76060150462882,133,1.33106762312282,13.1163934306369,1.4171221398364,12.7697789669037,328,0.982891375176154,84.3648289938768,65.8996174428195,91.0989950384412,21,53.1619344243023,0.570442529557021
2000,36.4466667175293,-121.923332214355,30,2,17.1333,75,"Mollusca","Bivalvia","Mytilus","californianus","Mussel","Invert","Susp","Percent","Plankfeed",9,2.37608333138956,2.70657689418721,1.70401526270932,131,1.46095870010891,12.697610280093,1.19285075339664,12.3609574378805,235,0.691487652123075,84.3648289938768,65.8996174428195,91.0989950384412,21,53.1619344243023,1.67598525706376
2000,36.4799995422363,-121.940002441406,29,2,8.4,75,"Mollusca","Bivalvia","Mytilus","californianus","Mussel","Invert","Susp","Percent","Plankfeed",9,2.37608333138956,2.70657689418721,1.70401526270932,131,1.46095870010891,12.7090018614015,1.20124700812094,12.3602272710759,231,0.667970006383837,84.3648289938768,65.8996174428195,91.0989950384412,21,53.1619344243023,1.71519512797494
2000,36.5099983215332,-121.946665445964,28,2,24.5333,75,"Mollusca","Bivalvia","Mytilus","californianus","Mussel","Invert","Susp","Percent","Plankfeed",9,3.66088386831745,5.48955230541411,2.67640816617985,147,2.6234079571127,12.7885274050987,1.19283130850976,12.440259747691,308,0.620909084192704,84.5350758632024,72.1239238494104,87.6753910541534,10,55.2877727637757,1.74447040127738
2000,38.310001373291,-123.069999694824,27,2,52.1667,75,"Mollusca","Bivalvia","Mytilus","californianus","Mussel","Invert","Susp","Percent","Plankfeed",9,7.97212389876357,10.181792831521,5.98793459551357,107,5.15848062551384,11.8459677388591,1.17165959236103,11.5075301147369,332,0.665642262335594,58.5866669019063,77.546919153568,70.8515460274436,11,68.9570997908824,4.02270578188487
2000,38.3199996948242,-123.069999694824,26,2,27.8667,75,"Mollusca","Bivalvia","Mytilus","californianus","Mussel","Invert","Susp","Percent","Plankfeed",9,7.97212389876357,10.181792831521,5.98793459551357,107,5.15848062551384,11.8388703162657,1.17256414409033,11.5016092740133,334,0.668093524777508,58.5866669019063,77.546919153568,70.8515460274436,11,68.9570997908824,4.03086190574221
2000,38.3833325703939,-123.086664835612,25,2,52.7,75,"Mollusca","Bivalvia","Mytilus","californianus","Mussel","Invert","Susp","Percent","Plankfeed",9,8.86277921942921,11.6150776682955,6.21809723476569,72,5.38213686555242,11.7268188819059,1.06132044310312,11.4449231958227,293,0.599866096632139,58.5866669019063,77.546919153568,70.8515460274436,11,68.9570997908824,4.09454063032581
2000,39.272500038147,-123.7975025177,24,2,44.6897,75,"Mollusca","Bivalvia","Mytilus","californianus","Mussel","Invert","Susp","Percent","Plankfeed",9,3.92376514456489,6.08207577862251,2.63316936454465,124,2.7864754450139,11.9921006781084,0.826355871011282,12.0108770665543,362,0.58516671427468,61.8161251544952,95.1597719624696,71.7960000719343,21,76.4210764824481,5.33236712496883
2000,39.3400001525879,-123.819999694824,23,2,31.6333,75,"Mollusca","Bivalvia","Mytilus","californianus","Mussel","Invert","Susp","Percent","Plankfeed",9,3.83523331557711,6.31731818833175,2.5702368509874,114,2.66229273892697,12.0144444406768,0.816160356198867,12.0189667657621,346,0.605053962406479,61.8161251544952,95.1597719624696,71.7960000719343,21,76.4210764824481,5.40364996305893
2000,39.4149990081787,-123.809997558594,22,2,0.2069,75,"Mollusca","Bivalvia","Mytilus","californianus","Mussel","Invert","Susp","Percent","Plankfeed",9,4.28579757859309,7.13811884287193,2.65283544116382,79,2.65249581314151,11.9966139825687,0.801835374538398,11.9925791456077,379,0.590117385067713,61.8161251544952,95.1597719624696,71.7960000719343,21,76.4210764824481,5.4576190421366
2000,39.5974988937378,-123.779998779297,21,2,71.1,75,"Mollusca","Bivalvia","Mytilus","californianus","Mussel","Invert","Susp","Percent","Plankfeed",9,5.15263830727719,7.27208839439062,2.66974390279956,82,2.79159103037042,11.951568784984,0.809151499062526,11.9858294544132,217,0.631012059224293,72.7239420215289,132.160187496306,87.8528734257347,19,89.2265669290948,1.25000184519618
2000,40.0200004577637,-124.073333740234,20,2,21.4333,75,"Mollusca","Bivalvia","Mytilus","californianus","Mussel","Invert","Susp","Percent","Plankfeed",9,2.59954641037381,3.32487753898059,2.04505376661977,93,1.75843375721735,11.7512837899698,0.906257827632626,11.7873820808699,318,0.685035240405909,72.7239420215289,132.160187496306,87.8528734257347,19,89.2265669290948,0.612635549716036
2000,41.060001373291,-124.150001525879,19,2,22.3,75,"Mollusca","Bivalvia","Mytilus","californianus","Mussel","Invert","Susp","Percent","Plankfeed",9,6.90445670696694,6.42574626348088,4.91286486279857,111,3.77428698510729,11.6669791671965,0.889214592862115,11.5300156733833,319,0.746687650819758,66.7461087505023,143.003370383223,70.8348301649094,20,113.727624988185,2.19055209064119
2000,43.2999992370605,-124.400001525879,18,2,53.4333,75,"Mollusca","Bivalvia","Mytilus","californianus","Mussel","Invert","Susp","Percent","Plankfeed",9,2.94212592244148,3.4509283230273,2.01957376838708,122,1.54428486964803,11.8947618999178,1.44197777232488,11.6397849394002,279,1.17389839007249,1.49654964605967,101.629150380214,16.8865111139086,9,70.6895975458745,9.05217721281027
2000,43.310001373291,-124.393333435059,17,2,25.1,75,"Mollusca","Bivalvia","Mytilus","californianus","Mussel","Invert","Susp","Percent","Plankfeed",9,2.94212592244148,3.4509283230273,2.01957376838708,122,1.54428486964803,11.8947618999178,1.44197777232488,11.6397849394002,279,1.17389839007249,1.49654964605967,101.629150380214,16.8865111139086,9,70.6895975458745,9.05552899159609
2000,43.3300018310547,-124.374000549316,16,2,2.6667,75,"Mollusca","Bivalvia","Mytilus","californianus","Mussel","Invert","Susp","Percent","Plankfeed",9,2.86533043876938,3.51493132794502,2.02701887066634,106,1.59585542356359,11.8937665853323,1.41759707197672,11.6402238874293,335,1.16141219595752,1.49654964605967,101.629150380214,16.8865111139086,9,70.6895975458745,9.05790602642609
2000,44.2000007629395,-124.110000610352,15,2,51.7333,75,"Mollusca","Bivalvia","Mytilus","californianus","Mussel","Invert","Susp","Percent","Plankfeed",9,4.63009916110472,4.69608590122408,3.25141122240887,107,2.83490295887261,11.6615506787843,1.59045286677919,11.2844497963572,209,1.28803572712131,-10.8301119804382,93.1641573178762,-4.91593069779245,19,68.8971882630497,5.32142448364931
2000,44.218334197998,-124.110000610352,14,2,81.3,75,"Mollusca","Bivalvia","Mytilus","californianus","Mussel","Invert","Susp","Percent","Plankfeed",9,4.63009916110472,4.69608590122408,3.25141122240887,107,2.83490295887261,11.7455566748977,1.61119336603569,11.3813341038109,223,1.3090668240588,-10.8301119804382,93.1641573178762,-4.91593069779245,19,68.8971882630497,8.23230788445288
2000,44.2425012588501,-124.110000610352,13,2,37.1333,75,"Mollusca","Bivalvia","Mytilus","californianus","Mussel","Invert","Susp","Percent","Plankfeed",9,4.86947420608137,4.87760396320774,3.36916470422464,85,2.91039620293722,11.7455566748977,1.61119336603569,11.3813341038109,223,1.3090668240588,-10.8301119804382,93.1641573178762,-4.91593069779245,19,68.8971882630497,11.3379743266059
2000,44.7466672261556,-124.059997558594,12,2,66.0667,75,"Mollusca","Bivalvia","Mytilus","californianus","Mussel","Invert","Susp","Percent","Plankfeed",9,4.94995835454514,7.02994165669082,2.97755174561479,87,2.53669801870892,11.6097527668153,1.81529932540447,11.2927500267029,250,1.54041688174633,-26.0681612491608,80.6953431843629,-14.0439032641324,22,73.2532986489185,9.98716482409319
2000,44.8066673278809,-124.059997558594,11,2,76.4667,75,"Mollusca","Bivalvia","Mytilus","californianus","Mussel","Invert","Susp","Percent","Plankfeed",9,4.88485952620664,6.66039820812871,3.06979092657566,110,2.62765202622601,11.6301496599762,1.86523196403061,11.2912644971752,259,1.57247343541751,-26.0681612491608,80.6953431843629,-14.0439032641324,22,73.2532986489185,10.0361098654683
2000,44.8266677856445,-124.056666056315,10,2,65.1667,75,"Mollusca","Bivalvia","Mytilus","californianus","Mussel","Invert","Susp","Percent","Plankfeed",9,4.55824745530935,5.62728620283813,2.98939773948355,88,2.61689830770312,11.6844269223387,1.93125945902901,11.3673736592923,277,1.65939028057522,-26.0681612491608,80.6953431843629,-14.0439032641324,22,73.2532986489185,10.0500233300727
2000,45.7549991607666,-123.965000152588,51,2,8.8333,75,"Mollusca","Bivalvia","Mytilus","californianus","Mussel","Invert","Susp","Percent","Plankfeed",9,5.73621569077174,5.7720459561101,4.52369474737268,95,3.50026819120265,12.0558009033432,2.30982356438746,11.8385252365931,317,2.16613140256044,-28.9795488913854,79.2450719634354,-17.7131439122287,11,72.9896436324448,10.741221141144
2000,45.7700004577637,-123.970001220703,9,2,0.3,75,"Mollusca","Bivalvia","Mytilus","californianus","Mussel","Invert","Susp","Percent","Plankfeed",9,5.73621569077174,5.7720459561101,4.52369474737268,95,3.50026819120265,12.0558009033432,2.30982356438746,11.8385252365931,317,2.16613140256044,-28.9795488913854,79.2450719634354,-17.7131439122287,11,72.9896436324448,10.7570640314478
2000,45.9133326212565,-123.976669311523,50,2,38.8,75,"Mollusca","Bivalvia","Mytilus","californianus","Mussel","Invert","Susp","Percent","Plankfeed",9,6.42350000531777,6.09723860263774,5.17918823045843,85,4.15331315497139,12.0575528735481,2.32715557623823,11.9218359351158,320,2.24630237853878,-28.9795488913854,79.2450719634354,-17.7131439122287,11,72.9896436324448,10.878794601331
2000,47.8600006103516,-124.569999694824,6,2,0.1667,75,"Mollusca","Bivalvia","Mytilus","californianus","Mussel","Invert","Susp","Percent","Plankfeed",9,9.09458332701966,7.44877190091312,7.55664647347999,99,5.53313383606636,11.753400018692,2.22317644431949,12.2169886545701,220,1.89064208312814,-42.9558106636008,60.856280043378,-33.2872482186014,22,54.0055746782096,12.8945578194738
2000,47.8699989318848,-124.599998474121,5,2,0.7333,75,"Mollusca","Bivalvia","Mytilus","californianus","Mussel","Invert","Susp","Percent","Plankfeed",9,8.76781987847749,7.45979689405628,7.32572484496456,149,5.52953010490803,11.6205089991678,2.23991303925257,11.9490542945109,304,2.03110137675098,-42.9558106636008,60.856280043378,-33.2872482186014,22,54.0055746782096,12.9243419988964
2000,47.939998626709,-124.658336639404,4,2,3.8667,75,"Mollusca","Bivalvia","Mytilus","californianus","Mussel","Invert","Susp","Percent","Plankfeed",9,8.96752380567884,7.85821660040244,7.19951303316199,115,5.49354039731489,11.5409722353416,2.14339299007178,11.9385135209596,333,1.86997611336405,-42.9558106636008,60.856280043378,-33.2872482186014,22,54.0055746782096,13.0235039488334
2000,48.3133341471354,-124.660003662109,3,2,4.8333,75,"Mollusca","Bivalvia","Mytilus","californianus","Mussel","Invert","Susp","Percent","Plankfeed",9,4.48482858680543,4.12271293055793,3.76939001202583,100,2.31291069544863,10.7759958937928,2.18655736874969,10.6770596693863,352,2.12734271679013,-42.9558106636008,60.856280043378,-33.2872482186014,22,54.0055746782096,13.3292540049575
2000,48.3375005722046,-124.687501907349,2,2,21.5667,75,"Mollusca","Bivalvia","Mytilus","californianus","Mussel","Invert","Susp","Percent","Plankfeed",9,4.53610872272132,4.79200207619936,3.75778789321582,132,2.30603093101157,10.7939612462554,2.19468790160475,10.7347826197527,483,2.12734603501784,-42.9558106636008,60.856280043378,-33.2872482186014,22,54.0055746782096,13.3687930086744
2000,48.3891661961873,-124.650001525879,1,2,59.7667,75,"Mollusca","Bivalvia","Mytilus","californianus","Mussel","Invert","Susp","Percent","Plankfeed",9,3.75480866505776,2.75080013324505,3.07796599345953,147,1.67142379164949,10.6492223783572,2.18347420480642,10.5570035713502,423,2.13435643465267,-42.9558106636008,60.856280043378,-33.2872482186014,22,54.0055746782096,13.3839027610232
2001,32.7116661071777,-117.25,48,2,0.7,75,"Mollusca","Bivalvia","Mytilus","californianus","Mussel","Invert","Susp","Percent","Plankfeed",9,1.39864084103578,2.72804469120777,0.927977777631194,135,0.88050982635669,16.0880409158193,2.04051377016003,15.5817623398994,183,1.60846502181059,71.4000571568807,47.8532350333959,64.7282447814941,11,44.3164843420035,7.71296031551303
2001,32.8199996948242,-117.276664733887,47,2,31.3667,75,"Mollusca","Bivalvia","Mytilus","californianus","Mussel","Invert","Susp","Percent","Plankfeed",9,1.1292988472115,2.46151588536853,0.715728916227818,166,0.603988416830627,16.1343168353442,2.12690056884788,15.6375000443257,142,1.73904834117527,71.4000571568807,47.8532350333959,64.7282447814941,11,44.3164843420035,7.18633223147095
2001,32.8400001525879,-117.279998779297,46,2,6.1667,75,"Mollusca","Bivalvia","Mytilus","californianus","Mussel","Invert","Susp","Percent","Plankfeed",9,0.943658721943696,2.4739784585353,0.657999999276022,123,0.503288788942215,16.2429348696833,2.15998640684014,15.7650615270021,122,1.81528255417148,71.4000571568807,47.8532350333959,64.7282447814941,11,44.3164843420035,7.0891278965753
2001,33.439998626709,-118.476669311523,45,2,1.1034,75,"Mollusca","Bivalvia","Mytilus","californianus","Mussel","Invert","Susp","Percent","Plankfeed",9,0.577181817512169,0.776573470404339,0.459370079061647,254,0.302585482763931,16.3984350364673,2.27617520782663,16.3031707453534,615,2.22649562884751,57.1656537254651,42.0365886961788,50.0675317807631,22,36.2606601777259,4.15836387990046
2001,33.4500007629395,-118.480003356934,44,2,0.5333,75,"Mollusca","Bivalvia","Mytilus","californianus","Mussel","Invert","Susp","Percent","Plankfeed",9,0.577181817512169,0.77657347040434,0.459370079061647,254,0.302585482763931,16.3984350364673,2.27617520782663,16.3031707453534,615,2.22649562884751,57.1656537254651,42.0365886961788,50.0675317807631,22,36.2606601777259,4.10973008894149
2001,33.4599990844727,-118.519996643066,43,2,0.5,75,"Mollusca","Bivalvia","Mytilus","californianus","Mussel","Invert","Susp","Percent","Plankfeed",9,0.540727272968401,0.583869704631523,0.420104839027889,248,0.225828450155171,16.3934265803624,2.26421610222681,16.2740245802554,692,2.20293699022049,42.9312502940496,28.965168619661,38.7597275213762,11,26.5788029382226,4.06062316101919
2001,33.7000007629395,-118.286666870117,42,2,13.6,75,"Mollusca","Bivalvia","Mytilus","californianus","Mussel","Invert","Susp","Percent","Plankfeed",9,1.41218626959359,2.01874012017787,0.98425653709479,191,0.89020279912645,16.2991071648312,2.29062239941558,16.1131053398077,413,2.19017581978616,42.9312502940496,28.965168619661,38.7597275213762,11,26.5788029382226,2.89785564630589
2001,33.7099990844727,-118.309997558594,41,2,14.4667,75,"Mollusca","Bivalvia","Mytilus","californianus","Mussel","Invert","Susp","Percent","Plankfeed",9,1.41218626959359,2.01874012017787,0.98425653709479,191,0.890202799126449,16.2557951677842,2.2796635861077,16.0321633248753,349,2.16343419823821,42.9312502940496,28.965168619661,38.7597275213762,11,26.5788029382226,2.84897219465686
2001,33.7599983215332,-118.419998168945,40,2,43.6667,75,"Mollusca","Bivalvia","Mytilus","californianus","Mussel","Invert","Susp","Percent","Plankfeed",9,1.27546202363093,1.8657114206624,0.899859060177067,149,0.74938357613864,16.2220703288913,2.28856679447259,16.004212708763,362,2.1740767153314,42.9312502940496,28.965168619661,38.7597275213762,11,26.5788029382226,2.60460710059716
2001,34.0366655985514,-119.663335164388,38,2,30.1667,75,"Mollusca","Bivalvia","Mytilus","californianus","Mussel","Invert","Susp","Percent","Plankfeed",9,1.34888839056449,1.5430718782042,1.03994835570385,213,0.659673812663708,14.6482515793006,1.92496693740487,14.5014465198767,458,1.83796215142185,82.5877548654874,57.179455666643,77.3920955203828,21,48.9749648834735,2.6150695068836
2001,34.043332417806,-119.780001322428,39,2,49.5862,75,"Mollusca","Bivalvia","Mytilus","californianus","Mussel","Invert","Susp","Percent","Plankfeed",9,1.66125461008276,1.9762609870604,1.26489105113286,257,0.828512247293599,14.6122782848891,1.93300448544164,14.5024369441041,436,1.87079943498089,82.5877548654874,57.179455666643,77.3920955203828,21,48.9749648834735,0.668046771848938
2001,34.060001373291,-119.850001017253,37,2,32.5172,75,"Mollusca","Bivalvia","Mytilus","californianus","Mussel","Invert","Susp","Percent","Plankfeed",9,2.03070848674352,2.46730357789444,1.49277255441628,255,0.97596893094924,14.6296113649266,1.96201054948844,14.5520783137126,415,1.89891235725032,82.5877548654874,57.179455666643,77.3920955203828,21,48.9749648834735,0.62835498697544
2001,34.4540008544922,-120.055999755859,36,2,60.1,75,"Mollusca","Bivalvia","Mytilus","californianus","Mussel","Invert","Susp","Percent","Plankfeed",9,2.3817483006286,2.96379929393789,1.65170802230382,137,1.13250704025343,14.771090710025,2.0759231362171,14.7455039269368,253,2.04057536678813,82.5877548654874,57.179455666643,77.3920955203828,21,48.9749648834735,0.71444840599549
2001,34.4599990844727,-120.268179460005,35,2,47.1667,75,"Mollusca","Bivalvia","Mytilus","californianus","Mussel","Invert","Susp","Percent","Plankfeed",9,2.35493080664731,2.76723903697054,1.61293834631574,146,1.00805329599849,14.3110293668859,1.99052015842477,14.1385937054952,240,1.88394859694817,82.5877548654874,57.179455666643,77.3920955203828,21,48.9749648834735,0.240401579605581
2001,34.4599990844727,-120.269996643066,34,2,55.3333,75,"Mollusca","Bivalvia","Mytilus","californianus","Mussel","Invert","Susp","Percent","Plankfeed",9,2.35493080664731,2.76723903697054,1.61293834631574,146,1.00805329599849,14.3110293668859,1.99052015842477,14.1385937054952,240,1.88394859694817,82.5877548654874,57.179455666643,77.3920955203828,21,48.9749648834735,0.240334815627917
2001,35.6100006103516,-121.150001525879,33,2,7.5333,75,"Mollusca","Bivalvia","Mytilus","californianus","Mussel","Invert","Susp","Percent","Plankfeed",9,3.35916840841896,4.44486758041019,2.51511110133595,90,2.21344150724438,13.1036931095701,1.3958455152301,13.2134867551034,114,1.0793835521412,94.2251832485199,75.2619107024731,93.1650637713346,22,68.7051298195878,0
2001,35.6300010681152,-121.190002441406,32,2,26.3667,75,"Mollusca","Bivalvia","Mytilus","californianus","Mussel","Invert","Susp","Percent","Plankfeed",9,3.15054192889121,3.9237307014744,2.30487499179112,144,1.9269362564502,13.1063546921288,1.41073444574196,13.1910483206472,155,1.11240596252738,94.2251832485199,75.2619107024731,93.1650637713346,22,68.7051298195878,0.116559502664798
2001,35.6599998474121,-121.279998779297,31,2,4.5333,75,"Mollusca","Bivalvia","Mytilus","californianus","Mussel","Invert","Susp","Percent","Plankfeed",9,2.96513287170784,3.0698037949058,2.21496946575077,131,1.77498573783381,13.0979566986744,1.41132215249009,13.1708096157421,176,1.10820689207511,94.2251832485199,75.2619107024731,93.1650637713346,22,68.7051298195878,0.527319857646955
2001,36.4466667175293,-121.923332214355,30,2,21.8333,75,"Mollusca","Bivalvia","Mytilus","californianus","Mussel","Invert","Susp","Percent","Plankfeed",9,4.26171032498623,5.72953472420561,3.24974451295651,137,3.35449558212227,12.4672752873281,1.09135147122654,12.2487805064132,82,0.813729370131148,94.2251832485199,75.2619107024731,93.1650637713346,22,68.7051298195878,6.55020352776378
2001,36.4799995422363,-121.940002441406,29,2,18.3333,75,"Mollusca","Bivalvia","Mytilus","californianus","Mussel","Invert","Susp","Percent","Plankfeed",9,4.26171032498623,5.72953472420562,3.24974451295651,137,3.35449558212227,12.4713749885559,1.10727603196376,12.2523097784623,92,0.843199120183649,94.2251832485199,75.2619107024731,93.1650637713346,22,68.7051298195878,6.77539416129936
2001,36.5099983215332,-121.946665445964,28,2,28.3333,75,"Mollusca","Bivalvia","Mytilus","californianus","Mussel","Invert","Susp","Percent","Plankfeed",9,5.3971688039117,6.43904678341104,4.00996501670851,143,3.74585362539756,12.5285502778002,1.1853294158939,12.2359271396864,151,0.859038772361249,94.4820326964061,83.3133352702131,81.982217875394,11,75.4796499319199,6.9544235084102
2001,38.310001373291,-123.069999694824,27,2,36.1071,75,"Mollusca","Bivalvia","Mytilus","californianus","Mussel","Invert","Susp","Percent","Plankfeed",9,10.4106363599951,12.3997099993029,8.0983845774944,104,7.52461144698869,11.2821428586566,1.03748617433479,11.165789470338,114,0.748774678573843,72.1989593952894,92.6859563948374,70.758051353693,10,74.442403000077,19.7473191804487
2001,38.3199996948242,-123.069999694824,26,2,26.2,75,"Mollusca","Bivalvia","Mytilus","californianus","Mussel","Invert","Susp","Percent","Plankfeed",9,10.4106363599951,12.3997099993029,8.0983845774944,104,7.52461144698869,11.2821428586566,1.03748617433479,11.165789470338,114,0.748774678573843,72.1989593952894,92.6859563948374,70.758051353693,10,74.442403000077,19.8006939840866
2001,38.3833325703939,-123.086664835612,25,2,36.7667,75,"Mollusca","Bivalvia","Mytilus","californianus","Mussel","Invert","Susp","Percent","Plankfeed",9,11.6440135071406,13.4653020510518,9.11281424845968,70,8.30032203649434,11.204741395753,0.927653230242066,11.1553899257555,109,0.75208876124849,72.1989593952894,92.6859563948374,70.758051353693,10,74.442403000077,20.1860217652188
2001,39.272500038147,-123.7975025177,24,2,36.4667,75,"Mollusca","Bivalvia","Mytilus","californianus","Mussel","Invert","Susp","Percent","Plankfeed",9,5.58778198231432,9.35863555702475,3.84151999378204,125,4.57825194066638,11.5171089172363,1.30935467207664,11.1576740289036,158,0.823754490602428,80.8262305483222,116.611989797385,69.6782400944959,23,105.86276235493,26.9474188824848
2001,39.3400001525879,-123.819999694824,23,2,37.8333,75,"Mollusca","Bivalvia","Mytilus","californianus","Mussel","Invert","Susp","Percent","Plankfeed",9,5.80121491122837,10.0303197147717,3.75434512532918,113,4.71492423035358,11.4347014854203,1.24221142089437,11.1551652861036,121,0.842108625547747,80.8262305483222,116.611989797385,69.6782400944959,23,105.86276235493,27.3715223595345
2001,39.4149990081787,-123.809997558594,22,2,3.5667,75,"Mollusca","Bivalvia","Mytilus","californianus","Mussel","Invert","Susp","Percent","Plankfeed",9,4.36372937945759,6.09445333440658,2.74784414257322,77,3.07479947628121,11.3624999973324,1.16553715108946,11.146874998555,132,0.834671839893753,80.8262305483222,116.611989797385,69.6782400944959,23,105.86276235493,27.7435459982757
2001,39.5974988937378,-123.779998779297,21,2,42.4667,75,"Mollusca","Bivalvia","Mytilus","californianus","Mussel","Invert","Susp","Percent","Plankfeed",9,4.69502244069335,7.92667921519388,2.62839022751262,82,2.63535492755011,11.3158333884345,0.980884619497117,11.399062538147,40,0.761558822651172,100.205375512441,163.348191632205,85.8837619963146,21,139.973364472128,0.766244219519746
2001,40.0200004577637,-124.073333740234,20,2,18.7333,75,"Mollusca","Bivalvia","Mytilus","californianus","Mussel","Invert","Susp","Percent","Plankfeed",9,3.8915484006046,4.13489975585391,2.94657647504526,85,2.56882616542635,11.3630638767902,1.3175131689214,11.1155973029348,113,0.951443550353918,100.205375512441,163.348191632205,85.8837619963146,21,139.973364472128,1.1719277108835
2001,41.060001373291,-124.150001525879,19,2,13.5333,75,"Mollusca","Bivalvia","Mytilus","californianus","Mussel","Invert","Susp","Percent","Plankfeed",9,9.37764518659922,11.464173695071,5.38238318807611,107,5.53689573021902,10.6904094465848,0.793697163627633,10.5283878094682,107,0.571777264285677,94.8009157180786,178.424912344861,53.8915227254232,21,151.638252981143,1.17646731938095
2001,43.2999992370605,-124.400001525879,18,2,44.0333,75,"Mollusca","Bivalvia","Mytilus","californianus","Mussel","Invert","Susp","Percent","Plankfeed",9,5.29162498125259,6.65666051952285,3.71187997484207,125,3.82383748270996,10.9982536961051,1.64746577156064,10.3414473700942,114,0.639625587506328,12.4590005874634,137.614625435351,38.7953334384494,9,77.2265191677971,50.1553539316519
2001,43.310001373291,-124.393333435059,17,2,23.8,75,"Mollusca","Bivalvia","Mytilus","californianus","Mussel","Invert","Susp","Percent","Plankfeed",9,5.29162498125259,6.65666051952285,3.71187997484207,125,3.82383748270995,10.9982536961051,1.64746577156064,10.3414473700942,114,0.639625587506328,12.4590005874634,137.614625435351,38.7953334384494,9,77.2265191677971,50.1898501119717
2001,43.3300018310547,-124.374000549316,16,2,25.2667,75,"Mollusca","Bivalvia","Mytilus","californianus","Mussel","Invert","Susp","Percent","Plankfeed",9,4.88204235192073,5.99726883594723,3.5469357557253,109,3.66985689850144,11.1357353210449,1.71301215450838,10.540344830217,145,0.932620873651513,12.4590005874634,137.614625435351,38.7953334384494,9,77.2265191677971,50.2418259936023
2001,44.2000007629395,-124.110000610352,15,2,39.9,75,"Mollusca","Bivalvia","Mytilus","californianus","Mussel","Invert","Susp","Percent","Plankfeed",9,8.58574072713101,7.87323803015902,6.58717706023405,96,5.7224228583322,11.1588362249835,1.7432057188962,10.6496323791205,102,1.14106780835357,-1.20087520281474,125.318439105259,20.2104496955872,20,87.2975323276258,7.88108204864159
2001,44.218334197998,-124.110000610352,14,2,34.8333,75,"Mollusca","Bivalvia","Mytilus","californianus","Mussel","Invert","Susp","Percent","Plankfeed",9,8.58574072713101,7.87323803015902,6.58717706023405,96,5.7224228583322,11.1925595298646,1.76538316465291,10.6697727463462,110,1.18563534780129,-1.20087520281474,125.318439105259,20.2104496955872,20,87.2975323276258,32.7988380757701
2001,44.2425012588501,-124.110000610352,13,2,26.9,75,"Mollusca","Bivalvia","Mytilus","californianus","Mussel","Invert","Susp","Percent","Plankfeed",9,8.66486041247845,8.04481747970527,6.93191019426554,78,6.18749045078263,11.1925595298646,1.76538316465291,10.6697727463462,110,1.18563534780129,-1.20087520281474,125.318439105259,20.2104496955872,20,87.2975323276258,58.1186570534668
2001,44.7466672261556,-124.059997558594,12,2,66.3,75,"Mollusca","Bivalvia","Mytilus","californianus","Mussel","Invert","Susp","Percent","Plankfeed",9,5.72268133176552,6.66762890463413,4.35231766770868,85,4.17074093528671,11.6054687201977,2.15237411602872,11.1095929811167,86,1.67269851180659,-14.9968133941293,106.234248393404,6.00682456791401,20,77.1126703870448,56.9145584164216
2001,44.8066673278809,-124.059997558594,11,2,34.8,75,"Mollusca","Bivalvia","Mytilus","californianus","Mussel","Invert","Susp","Percent","Plankfeed",9,5.71158261350963,6.78425172249982,4.2374673095819,107,4.10433695337444,11.5935713995071,2.19354854186701,11.0383064105947,93,1.64983177949477,-14.9968133941293,106.234248393404,6.00682456791401,20,77.1126703870448,57.2348615430219
2001,44.8266677856445,-124.056666056315,10,2,47.6667,75,"Mollusca","Bivalvia","Mytilus","californianus","Mussel","Invert","Susp","Percent","Plankfeed",9,5.5700215287106,6.65428673872424,3.95128237990772,85,3.83209120630351,11.5999999715571,2.23288816965163,11.0365098632208,101,1.68201454354583,-14.9968133941293,106.234248393404,6.00682456791401,20,77.1126703870448,57.3321892286334
2001,45.7549991607666,-123.965000152588,51,2,32.8333,75,"Mollusca","Bivalvia","Mytilus","californianus","Mussel","Invert","Susp","Percent","Plankfeed",9,9.2623541415669,10.9680819852057,5.91293020702379,86,4.90625898687017,11.5837765957447,2.33321003829983,11.0982142781454,126,1.96544281505344,-15.1328757951657,102.337389183209,2.61231748082421,11,87.4432626215586,62.0281681092304
2001,45.7700004577637,-123.970001220703,9,2,19.7143,75,"Mollusca","Bivalvia","Mytilus","californianus","Mussel","Invert","Susp","Percent","Plankfeed",9,9.2623541415669,10.9680819852057,5.91293020702379,86,4.90625898687016,11.5837765957447,2.33321003829983,11.0982142781454,126,1.96544281505344,-15.1328757951657,102.337389183209,2.61231748082421,11,87.4432626215586,62.1224249196833
2001,45.9133326212565,-123.976669311523,50,2,60.2333,75,"Mollusca","Bivalvia","Mytilus","californianus","Mussel","Invert","Susp","Percent","Plankfeed",9,9.76438092883854,10.9363716927292,6.66060525159302,76,5.48351596560202,11.7888000106812,2.37328033514305,11.3767699182561,113,2.11046489873186,-15.1328757951657,102.337389183209,2.61231748082421,11,87.4432626215586,62.9064849451729
2001,47.8600006103516,-124.569999694824,6,2,0.3667,75,"Mollusca","Bivalvia","Mytilus","californianus","Mussel","Invert","Susp","Percent","Plankfeed",9,8.47292521512397,8.83462697990994,6.28222447268817,98,4.82835149250273,10.6994897881333,2.104991286142,10.5222321374076,140,1.99676697464795,-37.136116027832,81.4374978356542,-16.5079425630115,21,64.3582337030383,74.9801736790245
2001,47.8699989318848,-124.599998474121,5,2,1.9333,75,"Mollusca","Bivalvia","Mytilus","californianus","Mussel","Invert","Susp","Percent","Plankfeed",9,7.99905030007632,8.24535787423318,6.10863263023143,147,4.70212336895759,10.7121323440589,2.11973394294911,10.4863281175494,192,1.97526172058881,-37.136116027832,81.4374978356542,-16.5079425630115,21,64.3582337030383,75.1185723033475
2001,47.939998626709,-124.658336639404,4,2,0.5333,75,"Mollusca","Bivalvia","Mytilus","californianus","Mussel","Invert","Susp","Percent","Plankfeed",9,8.5113820981204,8.64128918366187,6.19196393790546,111,4.82832481798414,10.5221283564696,2.11725192941586,10.1684113042108,203,1.85230157135935,-37.136116027832,81.4374978356542,-16.5079425630115,21,64.3582337030383,75.6576015397044
2001,48.3133341471354,-124.660003662109,3,2,0.3667,75,"Mollusca","Bivalvia","Mytilus","californianus","Mussel","Invert","Susp","Percent","Plankfeed",9,7.30218687347163,9.17625788227165,4.6463711495252,97,3.87754351076128,9.03861386233037,1.34561947323851,8.74487704918033,183,1.02297220952142,-37.136116027832,81.4374978356541,-16.5079425630115,21,64.3582337030383,77.655331815347
2001,48.3375005722046,-124.687501907349,2,2,51,75,"Mollusca","Bivalvia","Mytilus","californianus","Mussel","Invert","Susp","Percent","Plankfeed",9,6.78384284504822,8.11454604945037,4.87395387291908,130,4.15239873890434,9.16279561938466,1.44876038815584,8.81221805479293,266,1.04691404270953,-37.136116027832,81.4374978356542,-16.5079425630115,21,64.3582337030383,77.8622779887621
2001,48.3891661961873,-124.650001525879,1,2,64.1667,75,"Mollusca","Bivalvia","Mytilus","californianus","Mussel","Invert","Susp","Percent","Plankfeed",9,6.45235582436521,8.00771222895848,4.36468668699264,150,3.47049849120408,8.98859890913352,1.39287412497807,8.69487952994534,249,1.06030163670745,-37.136116027832,81.4374978356542,-16.5079425630115,21,64.3582337030383,78.0318033543914
2002,32.7116661071777,-117.25,48,2,1.5333,75,"Mollusca","Bivalvia","Mytilus","californianus","Mussel","Invert","Susp","Percent","Plankfeed",9,0.932820689678192,0.860354630785,0.765613137805549,137,0.419907187792765,16.2099432222771,1.88927726566496,15.7024038754977,234,1.32311650331541,79.273876696825,60.01823685838,71.0115015181628,11,55.7714831928149,6.458730034045
2002,32.8199996948242,-117.276664733887,47,2,35.0667,75,"Mollusca","Bivalvia","Mytilus","californianus","Mussel","Invert","Susp","Percent","Plankfeed",9,0.826284916873751,0.788665006269128,0.683382353537223,170,0.385912837968677,16.0605140623645,1.83534439886893,15.6137953792829,193,1.29836733231172,79.273876696825,60.01823685838,71.0115015181628,11,55.7714831928149,6.63257467014353
2002,32.8400001525879,-117.279998779297,46,2,4.4667,75,"Mollusca","Bivalvia","Mytilus","californianus","Mussel","Invert","Susp","Percent","Plankfeed",9,0.711953488662261,0.477088975341508,0.603445376919097,119,0.250283384540582,15.8952127923357,1.71804128052541,15.4721893784563,169,1.19729547112575,79.273876696825,60.01823685838,71.0115015181628,11,55.7714831928149,6.67008944465422
2002,33.439998626709,-118.476669311523,45,2,0.7333,75,"Mollusca","Bivalvia","Mytilus","californianus","Mussel","Invert","Susp","Percent","Plankfeed",9,0.535857676176096,0.523943955778581,0.426596838553904,253,0.188779569988829,16.5956973350366,1.88309714581148,16.162817272438,591,1.5871817036946,65.4043907361726,52.48489330336,56.4761530309916,22,45.217613960492,4.05454438539767
2002,33.4500007629395,-118.480003356934,44,2,0.4667,75,"Mollusca","Bivalvia","Mytilus","californianus","Mussel","Invert","Susp","Percent","Plankfeed",9,0.535857676176096,0.523943955778581,0.426596838553904,253,0.188779569988829,16.5956973350366,1.88309714581148,16.162817272438,591,1.5871817036946,65.4043907361726,52.48489330336,56.4761530309916,22,45.217613960492,4.06761979376405
2002,33.4599990844727,-118.519996643066,43,2,0.1,75,"Mollusca","Bivalvia","Mytilus","californianus","Mussel","Invert","Susp","Percent","Plankfeed",9,0.510996253135499,0.484442983036295,0.420972549038775,255,0.189698197517887,16.5830949341832,1.88219077897035,16.1674225801564,678,1.59837618754654,51.5349047755202,39.0181241593709,51.5349047755202,12,39.0181241593709,3.95563182496158
2002,33.7000007629395,-118.286666870117,42,2,22.2,75,"Mollusca","Bivalvia","Mytilus","californianus","Mussel","Invert","Susp","Percent","Plankfeed",9,1.43399014290918,1.89190379392827,1.03779999362795,190,0.803177874018335,16.4865096580293,1.87816402230467,15.8302461199192,386,1.3308393583911,51.5349047755202,39.0181241593709,51.5349047755202,12,39.0181241593709,5.33822675555341
2002,33.7099990844727,-118.309997558594,41,2,8.2,75,"Mollusca","Bivalvia","Mytilus","californianus","Mussel","Invert","Susp","Percent","Plankfeed",9,1.43399014290918,1.89190379392827,1.03779999362795,190,0.803177874018335,16.4752445220947,1.90513719747212,15.9050939317384,346,1.47340947394877,51.5349047755202,39.0181241593709,51.5349047755202,12,39.0181241593709,5.28307917200461
2002,33.7599983215332,-118.419998168945,40,2,17.3333,75,"Mollusca","Bivalvia","Mytilus","californianus","Mussel","Invert","Susp","Percent","Plankfeed",9,1.46902453387442,1.95204855479116,1.11717419009055,155,0.873493947733732,16.3032894660357,1.90115213367947,15.6410334074026,329,1.32526420624616,51.5349047755202,39.0181241593709,51.5349047755202,12,39.0181241593709,5.03005441595219
2002,34.0366655985514,-119.663335164388,38,2,24.3103,75,"Mollusca","Bivalvia","Mytilus","californianus","Mussel","Invert","Susp","Percent","Plankfeed",9,1.62482432517651,2.16548483610074,1.21666028617957,209,0.975979237298449,14.7356250157723,1.3405384308068,14.5118548588086,465,1.0935715541963,96.17786693573,76.7739824967203,107.806490135193,20,63.6307398316263,1.06050507006583
2002,34.043332417806,-119.780001322428,39,2,44.9333,75,"Mollusca","Bivalvia","Mytilus","californianus","Mussel","Invert","Susp","Percent","Plankfeed",9,1.70530854863527,1.98885557088508,1.32874602889494,252,0.965157755268938,14.6710433556188,1.36411184509152,14.4964643767257,449,1.14422862269538,96.17786693573,76.7739824967203,107.806490135193,20,63.6307398316263,1.10458371340552
2002,34.060001373291,-119.850001017253,37,2,35.3,75,"Mollusca","Bivalvia","Mytilus","californianus","Mussel","Invert","Susp","Percent","Plankfeed",9,1.92842750672293,2.18698601475234,1.50548605347772,251,1.0914764281375,14.5940451827627,1.42227411782263,14.3887834889548,448,1.2280124386702,96.17786693573,76.7739824967203,107.806490135193,20,63.6307398316263,0.58764850961577
2002,34.4540008544922,-120.055999755859,36,2,48.8333,75,"Mollusca","Bivalvia","Mytilus","californianus","Mussel","Invert","Susp","Percent","Plankfeed",9,1.97471332947413,1.64491377225189,1.6442571410111,140,0.963566577948339,14.4223611231203,1.40178651028181,14.1693135206817,244,1.18338120841311,96.17786693573,76.7739824967203,107.806490135193,20,63.6307398316263,0.391259044196035
2002,34.4599990844727,-120.268179460005,35,2,35.1,75,"Mollusca","Bivalvia","Mytilus","californianus","Mussel","Invert","Susp","Percent","Plankfeed",9,1.82109433187629,1.39745681295589,1.55298656945261,149,0.830610718295294,14.2890931360083,1.4086009477301,14.1413978419424,279,1.21060087840547,96.17786693573,76.7739824967203,107.806490135193,20,63.6307398316263,0.233879578681643
2002,34.4599990844727,-120.269996643066,34,2,48.8333,75,"Mollusca","Bivalvia","Mytilus","californianus","Mussel","Invert","Susp","Percent","Plankfeed",9,1.82109433187629,1.39745681295589,1.55298656945261,149,0.830610718295294,14.2890931360083,1.4086009477301,14.1413978419424,279,1.21060087840547,96.17786693573,76.7739824967203,107.806490135193,20,63.6307398316263,0.227641414541307
2002,35.6100006103516,-121.150001525879,33,2,1.3,75,"Mollusca","Bivalvia","Mytilus","californianus","Mussel","Invert","Susp","Percent","Plankfeed",9,1.38276041671634,1.38113259550111,1.06589999861187,90,0.556268275333814,12.6277500152588,1.19261347327019,12.4017045570142,132,0.91069090400214,99.2607649862766,97.0019572569572,99.6232190012932,20,64.8924079235514,0.221094577923492
2002,35.6300010681152,-121.190002441406,32,2,19.5,75,"Mollusca","Bivalvia","Mytilus","californianus","Mussel","Invert","Susp","Percent","Plankfeed",9,1.33160256556211,1.53623170364687,1.03458108108591,148,0.498513233229747,12.7474871124189,1.30283294830658,12.5343750010837,176,1.008495082912,99.2607649862766,97.0019572569573,99.6232190012932,20,64.8924079235514,0.247837213526106
2002,35.6599998474121,-121.279998779297,31,2,6.2667,75,"Mollusca","Bivalvia","Mytilus","californianus","Mussel","Invert","Susp","Percent","Plankfeed",9,1.1982916649431,1.28402823155425,1.00842028834682,138,0.45111531273973,12.7901315730915,1.36737468075045,12.528985493425,207,1.01009731914439,99.2607649862766,97.0019572569573,99.6232190012932,20,64.8924079235514,0.285464209991114
2002,36.4466667175293,-121.923332214355,30,2,20.3,75,"Mollusca","Bivalvia","Mytilus","californianus","Mussel","Invert","Susp","Percent","Plankfeed",9,2.13925641335738,3.52685427359835,1.435335620013,146,1.20958429931953,12.1633435699837,1.00733324295303,11.7989889944301,136,0.632070374815388,99.2607649862766,97.0019572569572,99.6232190012932,20,64.8924079235514,1.59864478299841
2002,36.4799995422363,-121.940002441406,29,2,16.4667,75,"Mollusca","Bivalvia","Mytilus","californianus","Mussel","Invert","Susp","Percent","Plankfeed",9,2.13925641335738,3.52685427359835,1.435335620013,146,1.20958429931953,12.2607558328052,1.09494605144465,11.9847039611716,152,0.827243747646108,99.2607649862766,97.0019572569573,99.6232190012932,20,64.8924079235514,1.65607787970109
2002,36.5099983215332,-121.946665445964,28,2,12.8667,75,"Mollusca","Bivalvia","Mytilus","californianus","Mussel","Invert","Susp","Percent","Plankfeed",9,3.22400604901892,4.90491398728553,2.14468181617074,154,2.12140002665991,12.36057693466,1.16684929191185,12.1138513668163,222,0.949936798201202,100.724248011907,107.461131751343,103.008099079132,10,69.0763226078367,1.70917665615182
2002,38.310001373291,-123.069999694824,27,2,42.25,75,"Mollusca","Bivalvia","Mytilus","californianus","Mussel","Invert","Susp","Percent","Plankfeed",9,7.78489568492641,9.02324443824354,5.84833645542091,107,4.97077939317917,11.2594852840199,1.13129167831624,10.9683453059025,139,0.830796759325567,66.3072490692139,115.208424591436,63.5277000427246,10,69.9434198782673,4.77288464183778
2002,38.3199996948242,-123.069999694824,26,2,33.4,75,"Mollusca","Bivalvia","Mytilus","californianus","Mussel","Invert","Susp","Percent","Plankfeed",9,7.78489568492641,9.02324443824354,5.84833645542091,107,4.97077939317917,11.2497819634371,1.12825471492182,10.9507922320299,142,0.832723950273119,66.3072490692139,115.208424591436,63.5277000427246,10,69.9434198782673,4.79095751771696
2002,38.3833325703939,-123.086664835612,25,2,50,75,"Mollusca","Bivalvia","Mytilus","californianus","Mussel","Invert","Susp","Percent","Plankfeed",9,8.24856966356688,10.0291018800833,5.92412330026496,73,5.25269812429874,11.141666655447,1.02240123566171,10.7583333202916,117,0.567949635796317,66.3072490692139,115.208424591436,63.5277000427246,10,69.9434198782673,4.90261929605246
2002,39.272500038147,-123.7975025177,24,2,50.6296,75,"Mollusca","Bivalvia","Mytilus","californianus","Mussel","Invert","Susp","Percent","Plankfeed",9,2.08116542172611,2.42766703786965,1.54295901832033,122,1.03301882083155,11.3072864350362,0.956929109462772,11.2174568888785,174,0.808464608094583,62.2071658770243,160.123601718018,56.1110474722726,21,92.7733861051853,6.38966427353919
2002,39.3400001525879,-123.819999694824,23,2,32.0333,75,"Mollusca","Bivalvia","Mytilus","californianus","Mussel","Invert","Susp","Percent","Plankfeed",9,2.0681570278219,2.26425716365635,1.46228181801059,110,1.03800345369009,11.3408236751667,0.900984827574623,11.3130101833214,147,0.710422427321825,62.2071658770243,160.123601718018,56.1110474722726,21,92.7733861051853,6.50787248947882
2002,39.4149990081787,-123.809997558594,22,2,10.3,75,"Mollusca","Bivalvia","Mytilus","californianus","Mussel","Invert","Susp","Percent","Plankfeed",9,2.10108234847293,2.45819199230083,1.46643589819089,78,1.11356777318384,11.3285526175248,0.878468986115267,11.3131211026115,161,0.672931891497827,62.2071658770243,160.123601718018,56.1110474722726,21,92.7733861051853,6.64513115487656
2002,39.5974988937378,-123.779998779297,21,2,15.9,75,"Mollusca","Bivalvia","Mytilus","californianus","Mussel","Invert","Susp","Percent","Plankfeed",9,5.10477551270504,9.35725552250949,3.32169892326478,93,4.39681250333712,11.3103092626198,0.776358206125903,11.1185126364986,79,0.501729062534031,59.9318334261576,224.687936216173,78.5676996231079,20,114.449805184545,1.02953324738813
2002,40.0200004577637,-124.073333740234,20,2,37.2667,75,"Mollusca","Bivalvia","Mytilus","californianus","Mussel","Invert","Susp","Percent","Plankfeed",9,3.42531683244328,5.20773452665071,2.32730850577354,94,2.35597937492701,11.2815341136672,0.978254278091133,11.2536207001785,145,0.6866144806721,59.9318334261576,224.687936216173,78.5676996231079,20,114.449805184545,1.27229549105832
2002,41.060001373291,-124.150001525879,19,2,12.4,75,"Mollusca","Bivalvia","Mytilus","californianus","Mussel","Invert","Susp","Percent","Plankfeed",9,7.91839283789907,8.86030370816855,5.59852377857481,126,5.36077071968203,10.9143939548069,0.896075296423182,10.8244853244108,170,0.708813164535763,48.5495429436366,232.705317900421,85.6590011687506,21,138.266987837224,3.50667105955198
2002,43.2999992370605,-124.400001525879,18,2,61.2963,75,"Mollusca","Bivalvia","Mytilus","californianus","Mussel","Invert","Susp","Percent","Plankfeed",9,7.73146155872545,10.5232965335269,4.61221094476059,128,4.82306527471792,11.223214305177,1.50325382727186,10.8222383842912,172,1.11413912447433,-11.5358320871989,153.414179932928,22.707273309881,11,107.723978920381,13.5678499982184
2002,43.310001373291,-124.393333435059,17,2,22.7333,75,"Mollusca","Bivalvia","Mytilus","californianus","Mussel","Invert","Susp","Percent","Plankfeed",9,7.73146155872545,10.5232965335269,4.61221094476059,128,4.82306527471792,11.223214305177,1.50325382727186,10.8222383842912,172,1.11413912447433,-11.5358320871989,153.414179932928,22.707273309881,11,107.723978920381,13.5870573762212
2002,43.3300018310547,-124.374000549316,16,2,16.6333,75,"Mollusca","Bivalvia","Mytilus","californianus","Mussel","Invert","Susp","Percent","Plankfeed",9,7.89381600904465,10.6953104438031,4.74902679185782,112,4.91225796740754,11.2783163382083,1.5145303657619,10.8975694488596,216,1.16532968409088,-11.5358320871989,153.414179932928,22.707273309881,11,107.723978920381,13.6264793087536
2002,44.2000007629395,-124.110000610352,15,2,22.4,75,"Mollusca","Bivalvia","Mytilus","californianus","Mussel","Invert","Susp","Percent","Plankfeed",9,11.529786364645,11.072716534237,8.36670872077201,103,7.27184484241971,10.9652777424565,1.43919318037263,10.6960365559027,123,1.20106483290134,-22.0002911090851,137.925311751878,8.33059146187522,22,98.0653090939836,1.54640151816272
2002,44.218334197998,-124.110000610352,14,2,76.1333,75,"Mollusca","Bivalvia","Mytilus","californianus","Mussel","Invert","Susp","Percent","Plankfeed",9,11.529786364645,11.072716534237,8.36670872077201,103,7.27184484241971,10.9577054454856,1.4477650653138,10.6900375624348,133,1.21872892914825,-22.0002911090851,137.925311751878,8.33059146187522,22,98.0653090939837,8.54543150851934
2002,44.2425012588501,-124.110000610352,13,2,16.8,75,"Mollusca","Bivalvia","Mytilus","californianus","Mussel","Invert","Susp","Percent","Plankfeed",9,11.831989624848,11.2662005839895,8.67510586766636,85,7.37406243274067,10.9577054454856,1.4477650653138,10.6900375624348,133,1.21872892914825,-22.0002911090851,137.925311751878,8.33059146187522,22,98.0653090939836,15.6217307486641
2002,44.7466672261556,-124.059997558594,12,2,59.2,75,"Mollusca","Bivalvia","Mytilus","californianus","Mussel","Invert","Susp","Percent","Plankfeed",9,7.5067640496104,6.98536725924692,5.73536249622703,80,4.69075521651916,11.0890486641268,1.87672280248929,10.5176020155148,98,1.25526677847984,-39.7251549164454,121.934355039577,-12.5983498746699,22,85.8409479745801,16.2403303458919
2002,44.8066673278809,-124.059997558594,11,2,70.1333,75,"Mollusca","Bivalvia","Mytilus","californianus","Mussel","Invert","Susp","Percent","Plankfeed",9,7.73693694456204,6.90421852973294,6.32940198568737,102,5.17734349733162,11.1552165399386,1.92559397287169,10.5059027671814,108,1.2298179447798,-39.7251549164454,121.934355039577,-12.5983498746699,22,85.8409479745801,16.3487859889336
2002,44.8266677856445,-124.056666056315,10,2,61.8621,75,"Mollusca","Bivalvia","Mytilus","californianus","Mussel","Invert","Susp","Percent","Plankfeed",9,8.4297471313641,7.4452697419711,6.66906412977439,78,5.57052810706461,11.2483082678085,2.04734883054459,10.5077702633969,111,1.29151779194271,-39.7251549164454,121.934355039577,-12.5983498746699,22,85.8409479745801,16.3855020094039
2002,45.7549991607666,-123.965000152588,51,2,3.4828,75,"Mollusca","Bivalvia","Mytilus","californianus","Mussel","Invert","Susp","Percent","Plankfeed",9,7.79703034294976,7.44968011697357,5.37889538254849,86,4.20283110516628,11.5605000368754,2.37878561384812,10.9110577143156,130,1.82869198498652,-46.9855597019196,123.849441212169,-19.1506093632091,11,86.2304841137866,18.0790465869865
2002,45.7700004577637,-123.970001220703,9,2,4.2667,75,"Mollusca","Bivalvia","Mytilus","californianus","Mussel","Invert","Susp","Percent","Plankfeed",9,7.79703034294976,7.44968011697358,5.37889538254849,86,4.20283110516628,11.5605000368754,2.37878561384812,10.9110577143156,130,1.82869198498652,-46.9855597019196,123.849441212169,-19.1506093632091,11,86.2304841137866,18.1053170911844
2002,45.9133326212565,-123.976669311523,50,2,32.7407,75,"Mollusca","Bivalvia","Mytilus","californianus","Mussel","Invert","Susp","Percent","Plankfeed",9,8.93870458548719,7.59515511399947,6.91069232194852,78,5.23516010718208,11.8133671214815,2.56096739070525,11.2428454725366,152,2.18594989220173,-46.9855597019196,123.849441212169,-19.1506093632091,11,86.2304841137865,18.3632754112162
2002,47.8600006103516,-124.569999694824,6,2,0,75,"Mollusca","Bivalvia","Mytilus","californianus","Mussel","Invert","Susp","Percent","Plankfeed",9,9.5368718041314,7.82910767912276,8.01609089591286,110,4.98608315990941,9.79461209801422,2.1609211959246,8.95625002185504,144,1.22687995166781,-47.0436453521252,89.7744020277787,-27.2939766645432,22,63.8849100405141,21.7817198567318
2002,47.8699989318848,-124.599998474121,5,2,0.7,75,"Mollusca","Bivalvia","Mytilus","californianus","Mussel","Invert","Susp","Percent","Plankfeed",9,8.7539709418319,6.95325518661866,7.4067205079594,161,4.37848869023983,9.85918144209195,2.16337138469229,9.0783730360566,189,1.35326842094717,-47.0436453521252,89.7744020277786,-27.2939766645432,22,63.8849100405141,21.7947197925788
2002,47.939998626709,-124.658336639404,4,2,0.4,75,"Mollusca","Bivalvia","Mytilus","californianus","Mussel","Invert","Susp","Percent","Plankfeed",9,8.00768704450767,5.69341991146782,6.60471186395419,118,3.5736374074654,9.86362662131183,2.16708933797036,9.06120467556573,193,1.37245699088786,-47.0436453521252,89.7744020277786,-27.2939766645432,22,63.8849100405141,21.9113853414161
2002,48.3133341471354,-124.660003662109,3,2,0.3571,75,"Mollusca","Bivalvia","Mytilus","californianus","Mussel","Invert","Susp","Percent","Plankfeed",9,3.25660363027641,3.37364688734098,2.49332695110486,104,1.38019235457533,9.10560538202123,1.38912715289501,8.6551165852522,193,0.821337763797882,-47.0436453521252,89.7744020277786,-27.2939766645432,22,63.8849100405141,22.5859413612392
2002,48.3375005722046,-124.687501907349,2,2,41.3448,75,"Mollusca","Bivalvia","Mytilus","californianus","Mussel","Invert","Susp","Percent","Plankfeed",9,3.35174829267955,3.67250902473305,2.64954817692439,135,1.56952585148294,9.26691176795369,1.53467211219357,8.81183512160119,282,1.00545946396413,-47.0436453521252,89.7744020277786,-27.2939766645432,22,63.8849100405141,22.6249742858441
2002,48.3891661961873,-124.650001525879,1,2,64.6667,75,"Mollusca","Bivalvia","Mytilus","californianus","Mussel","Invert","Susp","Percent","Plankfeed",9,2.61256289910414,2.29427826925682,2.22824530331594,159,1.24241016508967,8.95573308772611,1.3052322883848,8.58844937755086,237,0.801580151081825,-47.0436453521252,89.7744020277786,-27.2939766645432,22,63.8849100405141,22.7247060996268
2003,32.7116661071777,-117.25,48,2,0.5667,75,"Mollusca","Bivalvia","Mytilus","californianus","Mussel","Invert","Susp","Percent","Plankfeed",9,2.50897931004393,3.02006267612298,1.80462685916851,134,1.61339902658375,17.2222297152957,2.3799492988644,16.2447540783491,305,1.18985897026566,115.104830995202,110.324512110207,96.1270896900784,11,94.636894536399,3.79877441251104
2003,32.8199996948242,-117.276664733887,47,2,52.2,75,"Mollusca","Bivalvia","Mytilus","californianus","Mussel","Invert","Susp","Percent","Plankfeed",9,2.28541666004393,2.93974537683352,1.60796406026372,167,1.51959348161341,17.2596523691211,2.42446784876999,16.2440217266912,276,1.24746406047712,115.104830995202,110.324512110207,96.1270896900784,11,94.636894536399,3.89889810019352
2003,32.8400001525879,-117.279998779297,46,2,6.7,75,"Mollusca","Bivalvia","Mytilus","californianus","Mussel","Invert","Susp","Percent","Plankfeed",9,2.26488371251165,2.94161770163588,1.59397498592734,120,1.51900521501154,17.2708593904972,2.44029737802845,16.2646946579445,262,1.29204937418418,115.104830995202,110.324512110207,96.1270896900784,11,94.636894536399,3.91987186879883
2003,33.439998626709,-118.476669311523,45,2,0.5333,75,"Mollusca","Bivalvia","Mytilus","californianus","Mussel","Invert","Susp","Percent","Plankfeed",9,0.911891385689657,0.833161549328729,0.70230041051843,243,0.412966056092333,16.772896636755,2.19341970899646,16.1432301367938,541,1.59533605429231,82.201423642536,91.3166916079546,55.7249610509191,21,60.6815671215015,2.83102699436744
2003,33.4500007629395,-118.480003356934,44,2,2.4,75,"Mollusca","Bivalvia","Mytilus","californianus","Mussel","Invert","Susp","Percent","Plankfeed",9,0.911891385689657,0.833161549328729,0.70230041051843,243,0.412966056092333,16.772896636755,2.19341970899646,16.1432301367938,541,1.5953360542923,82.201423642536,91.3166916079545,55.7249610509191,21,60.6815671215015,2.83890477759406
2003,33.4599990844727,-118.519996643066,43,2,0.1333,75,"Mollusca","Bivalvia","Mytilus","californianus","Mussel","Invert","Susp","Percent","Plankfeed",9,0.822902622908242,0.725475336485242,0.65547967459855,246,0.352881545283721,16.7659422737833,2.19843996083752,16.125181156656,621,1.59972325355795,49.2980162898699,48.3808839239051,42.2351088740609,11,44.2140905938102,2.7893462832541
2003,33.7000007629395,-118.286666870117,42,2,38.0667,75,"Mollusca","Bivalvia","Mytilus","californianus","Mussel","Invert","Susp","Percent","Plankfeed",9,2.33997513064698,2.88172133028134,1.80433683787522,190,1.37215902912219,16.8045546535538,2.1620241674869,16.2562067018645,433,1.65752755714248,49.2980162898699,48.3808839239051,42.2351088740609,11,44.2140905938102,3.46924513736078
2003,33.7099990844727,-118.309997558594,41,2,27.3667,75,"Mollusca","Bivalvia","Mytilus","californianus","Mussel","Invert","Susp","Percent","Plankfeed",9,2.33997513064698,2.88172133028134,1.80433683787522,190,1.37215902912219,16.689775250467,2.15590416515846,16.164903824146,390,1.61864147405312,49.2980162898699,48.3808839239051,42.2351088740609,11,44.2140905938102,3.44579068416819
2003,33.7599983215332,-118.419998168945,40,2,25.6,75,"Mollusca","Bivalvia","Mytilus","californianus","Mussel","Invert","Susp","Percent","Plankfeed",9,2.43655346755712,2.9672962673946,1.82808053393492,149,1.46548288886977,16.5359471915425,2.13652189102659,16.066696416764,420,1.56363001701655,49.2980162898699,48.3808839239051,42.2351088740609,11,44.2140905938102,3.33895090395087
2003,34.0366655985514,-119.663335164388,38,2,14.5333,75,"Mollusca","Bivalvia","Mytilus","californianus","Mussel","Invert","Susp","Percent","Plankfeed",9,1.51729730281744,1.08461509688063,1.22680710596482,197,0.707759316272236,15.3295524973928,1.69432024669784,15.1965992824704,408,1.23002842228519,105.252044975758,114.918870103262,106.477686080066,22,102.529650770269,0.85879398406781
2003,34.043332417806,-119.780001322428,39,2,28.6667,75,"Mollusca","Bivalvia","Mytilus","californianus","Mussel","Invert","Susp","Percent","Plankfeed",9,1.62531970635223,1.08701961082028,1.35198749738435,240,0.767747561058336,15.1997466473966,1.69052438935187,15.122916688364,378,1.24171937979742,105.252044975758,114.918870103262,106.477686080066,22,102.529650770269,1.19618844956714
2003,34.060001373291,-119.850001017253,37,2,32.9,75,"Mollusca","Bivalvia","Mytilus","californianus","Mussel","Invert","Susp","Percent","Plankfeed",9,1.86789513437935,1.50867342214294,1.61780632625927,253,0.981877600186966,15.0410272555776,1.74368156005833,15.0839232163257,332,1.20691988752143,105.252044975758,114.918870103262,106.477686080066,22,102.529650770269,0.522832481391105
2003,34.4540008544922,-120.055999755859,36,2,39.4,75,"Mollusca","Bivalvia","Mytilus","californianus","Mussel","Invert","Susp","Percent","Plankfeed",9,2.71064828017662,2.32267879512096,2.25100746439464,134,1.5237084821555,14.8570672732133,1.7801303247047,14.7892533772671,221,1.34007017131234,105.252044975758,114.918870103262,106.477686080066,22,102.529650770269,0.234656770853444
2003,34.4599990844727,-120.268179460005,35,2,4.2,75,"Mollusca","Bivalvia","Mytilus","californianus","Mussel","Invert","Susp","Percent","Plankfeed",9,2.63464331038439,1.95725816602893,2.16339716188451,141,1.40590616392796,14.5001908367827,1.62079311728218,14.443723402632,235,1.31481753039427,105.252044975758,114.918870103262,106.477686080066,22,102.529650770269,0.149596436913925
2003,34.4599990844727,-120.269996643066,34,2,25,75,"Mollusca","Bivalvia","Mytilus","californianus","Mussel","Invert","Susp","Percent","Plankfeed",9,2.63464331038439,1.95725816602893,2.16339716188451,141,1.40590616392796,14.5001908367827,1.62079311728218,14.443723402632,235,1.31481753039427,105.252044975758,114.918870103262,106.477686080066,22,102.529650770269,0.146535913695936
2003,35.6100006103516,-121.150001525879,33,2,1.3,75,"Mollusca","Bivalvia","Mytilus","californianus","Mussel","Invert","Susp","Percent","Plankfeed",9,1.75626804718037,1.50938194695129,1.32788505019813,87,0.721302224235619,13.4336097191791,1.04890837499131,13.4513158184743,171,0.74428625710603,89.6889624794324,98.6278413582644,91.4528682231903,22,89.5957131865527,0
2003,35.6300010681152,-121.190002441406,32,2,10.1333,75,"Mollusca","Bivalvia","Mytilus","californianus","Mussel","Invert","Susp","Percent","Plankfeed",9,1.66687820660762,1.39505460084251,1.29137587885485,141,0.683159297267147,13.4385416810475,1.05668080661301,13.4468750158946,216,0.724768708069166,89.6889624794324,98.6278413582644,91.4528682231903,22,89.5957131865527,0.0456864977319889
2003,35.6599998474121,-121.279998779297,31,2,2.0667,75,"Mollusca","Bivalvia","Mytilus","californianus","Mussel","Invert","Susp","Percent","Plankfeed",9,1.48970138447152,1.10605481362041,1.22768420294711,133,0.584654077465548,13.3851407221611,1.0390328514973,13.3514705807555,255,0.714149042348164,89.6889624794324,98.6278413582644,91.4528682231903,22,89.5957131865527,0.340589020932
2003,36.4466667175293,-121.923332214355,30,2,15.1333,75,"Mollusca","Bivalvia","Mytilus","californianus","Mussel","Invert","Susp","Percent","Plankfeed",9,1.88317931479421,1.55144413169418,1.56380741198858,135,0.84486542841568,13.3807525799761,1.37419319300262,13.0119208553123,259,0.813267530957045,89.6889624794324,98.6278413582644,91.4528682231903,22,89.5957131865527,3.14072066176693
2003,36.4799995422363,-121.940002441406,29,2,10.4667,75,"Mollusca","Bivalvia","Mytilus","californianus","Mussel","Invert","Susp","Percent","Plankfeed",9,1.88317931479421,1.55144413169418,1.56380741198858,135,0.844865428415679,13.4066489131738,1.4012018147035,12.9954819238808,249,0.799205576934565,89.6889624794324,98.6278413582644,91.4528682231903,22,89.5957131865527,3.22824666569238
2003,36.5099983215332,-121.946665445964,28,2,12.4333,75,"Mollusca","Bivalvia","Mytilus","californianus","Mussel","Invert","Susp","Percent","Plankfeed",9,2.5574258192893,2.29219664558473,1.97345775995456,142,1.11542934700667,13.5058084026627,1.480749607535,13.0143867888541,318,0.796565052302823,88.5875002543132,105.714862933694,105.468000238592,11,93.6599351707777,3.28250725361921
2003,38.310001373291,-123.069999694824,27,2,44.7667,75,"Mollusca","Bivalvia","Mytilus","californianus","Mussel","Invert","Susp","Percent","Plankfeed",9,4.74680001302199,3.77918856126186,3.82889001607895,100,2.39334865905521,12.1223558004086,1.4743792888738,11.716828625952,283,0.781269534565553,61.0601660410563,110.313853124677,41.5292725996538,11,93.2628684159071,8.66476336028913
2003,38.3199996948242,-123.069999694824,26,2,44,75,"Mollusca","Bivalvia","Mytilus","californianus","Mussel","Invert","Susp","Percent","Plankfeed",9,4.74680001302199,3.77918856126186,3.82889001607895,100,2.39334865905521,12.116666696942,1.4688721911358,11.714816436901,286,0.778205483114456,61.0601660410563,110.313853124677,41.5292725996538,11,93.2628684159071,8.67632120653142
2003,38.3833325703939,-123.086664835612,25,2,36.6667,75,"Mollusca","Bivalvia","Mytilus","californianus","Mussel","Invert","Susp","Percent","Plankfeed",9,4.81558109699069,3.60397217028058,3.91305971234592,67,2.3074827613006,12.1355337292961,1.4801661041398,11.7198347099556,242,0.75435833649003,61.0601660410563,110.313853124677,41.5292725996538,11,93.2628684159071,8.79851168021562
2003,39.272500038147,-123.7975025177,24,2,52.6552,75,"Mollusca","Bivalvia","Mytilus","californianus","Mussel","Invert","Susp","Percent","Plankfeed",9,4.84656394782819,7.12728145066325,2.97124794002407,121,3.28137300828413,11.9776102907517,0.898946505829018,11.8783685139247,308,0.48184187169439,60.0898338158925,132.708025072341,47.7818943826776,19,90.7423717481872,11.9155296095035
2003,39.3400001525879,-123.819999694824,23,2,58.5667,75,"Mollusca","Bivalvia","Mytilus","californianus","Mussel","Invert","Susp","Percent","Plankfeed",9,4.91610745605358,7.6038247146625,3.00852252610095,111,3.34011923669064,11.9690112546326,0.89204333763563,11.8921029025467,277,0.469748443676095,60.0898338158925,132.708025072341,47.7818943826776,19,90.7423717481872,12.0596777376278
2003,39.4149990081787,-123.809997558594,22,2,11,75,"Mollusca","Bivalvia","Mytilus","californianus","Mussel","Invert","Susp","Percent","Plankfeed",9,4.36082354643766,6.68192892133956,2.55955844033848,77,2.64221321958781,11.9522245805816,0.949596560265603,11.8798322860425,313,0.48236690486063,60.0898338158925,132.708025072341,47.7818943826776,19,90.7423717481872,12.1169784314688
2003,39.5974988937378,-123.779998779297,21,2,30.1667,75,"Mollusca","Bivalvia","Mytilus","californianus","Mussel","Invert","Susp","Percent","Plankfeed",9,4.30557577116321,6.74696278170981,2.2922696591763,89,2.37536228832279,11.8761961631227,0.851804686316356,11.8525523540237,191,0.440359070844873,73.5857095718384,193.861587458607,66.0618511199951,20,147.379199744415,1.76474368859836
2003,40.0200004577637,-124.073333740234,20,2,18.5517,75,"Mollusca","Bivalvia","Mytilus","californianus","Mussel","Invert","Susp","Percent","Plankfeed",9,4.00401041253159,5.84488944769882,2.42675862743937,87,2.88285443769502,11.7822664386261,0.797258365618482,11.7152213979911,271,0.472946728731406,73.5857095718384,193.861587458607,66.0618511199951,20,147.379199744415,1.5849457024838
2003,41.060001373291,-124.150001525879,19,2,18.5357,75,"Mollusca","Bivalvia","Mytilus","californianus","Mussel","Invert","Susp","Percent","Plankfeed",9,7.75179409805466,8.87951646072248,5.87877949204032,127,5.09206466022771,11.720921079736,0.680932655641283,11.5449264862958,170,0.401152987040507,78.9048885901769,225.702637101797,25.5346350442796,21,188.227510125494,3.27513465051111
2003,43.2999992370605,-124.400001525879,18,2,49.7,75,"Mollusca","Bivalvia","Mytilus","californianus","Mussel","Invert","Susp","Percent","Plankfeed",9,3.9104091105136,4.79824414941246,2.68238843915876,121,2.38526199859497,12.0296249961853,1.05540076826368,11.951675257732,97,0.946402952336693,-7.70294036716223,150.530678144705,16.6577026383443,11,132.65800812059,18.3419835349615
2003,43.310001373291,-124.393333435059,17,2,23.931,75,"Mollusca","Bivalvia","Mytilus","californianus","Mussel","Invert","Susp","Percent","Plankfeed",9,3.9104091105136,4.79824414941246,2.68238843915876,121,2.38526199859497,12.0296249961853,1.05540076826368,11.951675257732,97,0.946402952336692,-7.70294036716223,150.530678144705,16.6577026383443,11,132.65800812059,18.3339482028444
2003,43.3300018310547,-124.374000549316,16,2,24.6333,75,"Mollusca","Bivalvia","Mytilus","californianus","Mussel","Invert","Susp","Percent","Plankfeed",9,3.72198246602427,4.35542057094613,2.48868932480951,103,1.99266892082151,12.1040697541348,1.19636294784835,11.9810999832153,125,0.993319687166956,-7.70294036716223,150.530678144705,16.6577026383443,11,132.65800812059,18.3002487533571
2003,44.2000007629395,-124.110000610352,15,2,35.7978,75,"Mollusca","Bivalvia","Mytilus","californianus","Mussel","Invert","Susp","Percent","Plankfeed",9,6.76517497474949,9.90615031227671,3.72914952178982,107,4.2244173675453,12.3049180234065,1.1594812821858,12.1131578913906,114,0.906023988304674,-23.245136252294,134.466153494555,-10.9230128597646,21,110.404638738652,4.31108070279822
2003,44.218334197998,-124.110000610352,14,2,56.6742,75,"Mollusca","Bivalvia","Mytilus","californianus","Mussel","Invert","Susp","Percent","Plankfeed",9,6.76517497474949,9.90615031227671,3.72914952178982,107,4.2244173675453,12.3238636127188,1.2639040655076,12.0793526513236,112,0.933779366993817,-23.245136252294,134.466153494555,-10.9230128597646,21,110.404638738652,11.2311912739064
2003,44.2425012588501,-124.110000610352,13,2,25.1818,75,"Mollusca","Bivalvia","Mytilus","californianus","Mussel","Invert","Susp","Percent","Plankfeed",9,7.00337110966751,10.2439975542038,3.77759301246599,86,4.23341993745862,12.3238636127188,1.2639040655076,12.0793526513236,112,0.933779366993816,-23.245136252294,134.466153494555,-10.9230128597646,21,110.404638738652,18.3951088689856
2003,44.7466672261556,-124.059997558594,12,2,78.0112,75,"Mollusca","Bivalvia","Mytilus","californianus","Mussel","Invert","Susp","Percent","Plankfeed",9,3.65403294563293,4.20979150792805,2.79630232688993,86,2.06792496334286,11.5279687047005,1.27870591151521,11.3086409088749,149,1.02291275747281,-43.8382911284765,124.911812080186,-8.52090449560256,21,88.1386037709564,19.0150256603426
2003,44.8066673278809,-124.059997558594,11,2,65.5667,75,"Mollusca","Bivalvia","Mytilus","californianus","Mussel","Invert","Susp","Percent","Plankfeed",9,3.87206083743469,4.45448756066256,2.96647706545821,109,2.27285591025455,11.6483284484508,1.3690051421439,11.371098694528,157,1.07756588633788,-43.8382911284765,124.911812080186,-8.52090449560256,21,88.1386037709564,19.0843844970194
2003,44.8266677856445,-124.056666056315,10,2,70.5056,75,"Mollusca","Bivalvia","Mytilus","californianus","Mussel","Invert","Susp","Percent","Plankfeed",9,3.8345913829342,4.1508151745014,3.11725843555472,89,2.45267307455474,11.7627015985468,1.43764287216924,11.4437874148706,167,1.13785807613324,-43.8382911284765,124.911812080186,-8.52090449560256,21,88.1386037709563,19.0977132794669
2003,45.7549991607666,-123.965000152588,51,2,10.2667,75,"Mollusca","Bivalvia","Mytilus","californianus","Mussel","Invert","Susp","Percent","Plankfeed",9,4.52912621706435,4.54454634445602,3.44469476373572,95,2.45004379837934,12.2089014775825,1.6852310238723,11.7786637613143,174,1.29407430437911,-48.8892501195272,134.667030553802,2.44590034484863,10,76.7997617337592,19.9014374889126
2003,45.7700004577637,-123.970001220703,9,2,0.4667,75,"Mollusca","Bivalvia","Mytilus","californianus","Mussel","Invert","Susp","Percent","Plankfeed",9,4.52912621706435,4.54454634445602,3.44469476373572,95,2.45004379837934,12.2089014775825,1.6852310238723,11.7786637613143,174,1.29407430437911,-48.8892501195272,134.667030553802,2.44590034484863,10,76.7997617337592,19.9334768590357
2003,45.9133326212565,-123.976669311523,50,2,13.3667,75,"Mollusca","Bivalvia","Mytilus","californianus","Mussel","Invert","Susp","Percent","Plankfeed",9,5.23309575687064,5.04274231643732,3.96823259772256,86,2.92715848804158,12.1848372566629,1.56861328391313,11.6683098296045,142,1.10060066379808,-48.8892501195272,134.667030553802,2.44590034484863,10,76.7997617337592,20.1187633681616
2003,47.8600006103516,-124.569999694824,6,2,0.0667,75,"Mollusca","Bivalvia","Mytilus","californianus","Mussel","Invert","Susp","Percent","Plankfeed",9,8.24771679608168,7.38419249808051,6.43496118239986,103,4.42852700609515,11.5761364373294,1.83491203766937,10.9842105832016,114,1.15110671954139,-57.0726119875908,90.450413742867,-21.5906347513199,20,46.8287607139875,24.1128741542896
2003,47.8699989318848,-124.599998474121,5,2,0.5,75,"Mollusca","Bivalvia","Mytilus","californianus","Mussel","Invert","Susp","Percent","Plankfeed",9,7.71034545464949,6.98259220510395,5.85152351616213,149,3.89603064748191,11.4756541418475,1.70582336638669,11.0257305789303,154,1.14569015186586,-57.0726119875908,90.450413742867,-21.5906347513199,20,46.8287607139875,24.2125987239729
2003,47.939998626709,-124.658336639404,4,2,2.2333,75,"Mollusca","Bivalvia","Mytilus","californianus","Mussel","Invert","Susp","Percent","Plankfeed",9,7.79328456932936,6.83461607380633,5.8510454936461,110,3.93413756120162,11.3443965911865,1.5370712119638,11.0683468029063,186,1.14100997778221,-57.0726119875908,90.450413742867,-21.5906347513199,20,46.8287607139875,24.4649733495278
2003,48.3133341471354,-124.660003662109,3,2,0.4,75,"Mollusca","Bivalvia","Mytilus","californianus","Mussel","Invert","Susp","Percent","Plankfeed",9,4.3579727454619,3.55636824898925,3.59631374069289,102,2.06664612493213,10.1652027164494,0.942328249551677,10.026658174943,98,0.732588351420835,-57.0726119875908,90.450413742867,-21.5906347513199,20,46.8287607139875,24.9014406379704
2003,48.3375005722046,-124.687501907349,2,2,42.2333,75,"Mollusca","Bivalvia","Mytilus","californianus","Mussel","Invert","Susp","Percent","Plankfeed",9,4.69818309788973,3.78102118659664,3.83576336116281,131,2.28806861746784,10.3277616556301,1.14150504388422,10.1521472696878,163,0.852193553902775,-57.0726119875908,90.450413742867,-21.5906347513199,20,46.8287607139875,25.0101941373482
2003,48.3891661961873,-124.650001525879,1,2,65.9333,75,"Mollusca","Bivalvia","Mytilus","californianus","Mussel","Invert","Susp","Percent","Plankfeed",9,4.56051221271841,4.88879823844472,3.63476775538537,155,2.4646518036976,10.1180172295406,0.96077134791416,9.93052324398544,129,0.717155319346286,-57.0726119875908,90.450413742867,-21.5906347513199,20,46.8287607139875,24.9597044856649
2004,35.6599998474121,-121.279998779297,31,2,5.1,75,"Mollusca","Bivalvia","Mytilus","californianus","Mussel","Invert","Susp","Percent","Plankfeed",9,2.71216669016414,2.48704209976701,2.13681482738919,135,1.08337948870765,13.6920112762834,1.72025360697606,13.3942148718295,363,1.50302300621956,46.516075193882,55.4024678975713,38.8088953608558,21,34.8834649596762,0.61460869087503
2004,36.4466667175293,-121.923332214355,30,2,25.1667,75,"Mollusca","Bivalvia","Mytilus","californianus","Mussel","Invert","Susp","Percent","Plankfeed",9,3.74454362440429,4.09268366968952,2.74497058637002,136,2.25621811732268,13.3133007334645,1.27481527641776,13.2377884901487,260,1.17312912263757,46.516075193882,55.4024678975713,38.8088953608558,21,34.8834649596762,0.737069784668651
2004,36.4799995422363,-121.940002441406,29,2,6.0333,75,"Mollusca","Bivalvia","Mytilus","californianus","Mussel","Invert","Susp","Percent","Plankfeed",9,3.74454362440429,4.09268366968952,2.74497058637002,136,2.25621811732268,13.2253159099538,1.28774311321412,13.1242559788719,252,1.15980126963631,46.516075193882,55.4024678975713,38.8088953608558,21,34.8834649596762,0.748511127341721
2004,36.5099983215332,-121.946665445964,28,2,32.5333,75,"Mollusca","Bivalvia","Mytilus","californianus","Mussel","Invert","Susp","Percent","Plankfeed",9,4.46903796286523,4.57074315948137,3.47060272954915,146,2.74951729216324,13.242445057565,1.27576588300133,13.1225075563275,331,1.13541354712503,40.3861675262451,62.290239779822,34.1185005187988,10,33.2073879701803,0.76373230087464
2004,38.310001373291,-123.069999694824,27,2,56,75,"Mollusca","Bivalvia","Mytilus","californianus","Mussel","Invert","Susp","Percent","Plankfeed",9,8.34042477133,7.50750524987978,6.47622775736422,101,4.95203999186036,12.2733303269755,1.12311868646114,12.1234435849617,257,0.923581855825301,26.4604746301969,43.0117074206681,36.749743964937,9,22.5576627509273,1.24983060453097
2004,38.3199996948242,-123.069999694824,26,2,31.7,75,"Mollusca","Bivalvia","Mytilus","californianus","Mussel","Invert","Susp","Percent","Plankfeed",9,8.34042477133,7.50750524987978,6.47622775736422,101,4.95203999186036,12.2733303269755,1.12311868646114,12.1234435849617,257,0.923581855825301,26.4604746301969,43.0117074206681,36.749743964937,9,22.5576627509273,1.25621490247476
2004,38.3833325703939,-123.086664835612,25,2,20.9,75,"Mollusca","Bivalvia","Mytilus","californianus","Mussel","Invert","Susp","Percent","Plankfeed",9,8.65620779836333,7.69368819494204,7.18242253887821,71,5.44858916701298,12.1927174029143,1.08110999929923,12.0994791852103,216,0.917484113321993,26.4604746301969,43.0117074206681,36.749743964937,9,22.5576627509273,1.28681538991882
2004,39.272500038147,-123.7975025177,24,2,59.9643,75,"Mollusca","Bivalvia","Mytilus","californianus","Mussel","Invert","Susp","Percent","Plankfeed",9,3.97549627441213,3.80153062377287,3.02551668907205,120,2.29968880163292,12.223069121198,0.919906107408389,12.0508685904327,331,0.641965880728872,24.1444454888503,61.7056662983231,37.8948500264775,22,43.1065441246326,1.43486917329481
2004,39.3400001525879,-123.819999694824,23,2,52.7333,75,"Mollusca","Bivalvia","Mytilus","californianus","Mussel","Invert","Susp","Percent","Plankfeed",9,4.09859508423766,4.54533766815266,2.91055047730787,109,2.57397558234723,12.2304985376397,0.965928947209352,12.0231907901011,304,0.663957577742436,24.1444454888503,61.7056662983231,37.8948500264775,22,43.1065441246326,1.46468708402637
2004,39.4149990081787,-123.809997558594,22,2,13.7667,75,"Mollusca","Bivalvia","Mytilus","californianus","Mussel","Invert","Susp","Percent","Plankfeed",9,4.24328240261358,5.02464278496864,3.04934617227469,78,2.97034641955902,12.2271540519774,0.988873864397417,12.0010964940166,342,0.676216343612545,24.1444454888503,61.7056662983231,37.8948500264775,22,43.1065441246326,1.51848236502404
2004,39.5974988937378,-123.779998779297,21,2,9,75,"Mollusca","Bivalvia","Mytilus","californianus","Mussel","Invert","Susp","Percent","Plankfeed",9,4.5646900165081,5.17849963191227,3.19193333387375,90,3.08093464955256,12.0837866132728,0.996803821661316,11.8666857885658,218,0.683772508813616,22.9024994770686,84.6265215975621,56.2564998149872,20,42.6944109253352,1.65272800117274
2004,40.0200004577637,-124.073333740234,20,2,38.8,75,"Mollusca","Bivalvia","Mytilus","californianus","Mussel","Invert","Susp","Percent","Plankfeed",9,5.14191179298887,9.13297433542764,3.45224740947645,97,3.42216401296623,11.7408863054869,0.847370485745751,11.6323069930077,272,0.572253084374771,22.9024994770686,84.6265215975621,56.2564998149872,20,42.6944109253352,1.74931189902974
2004,41.060001373291,-124.150001525879,19,2,25.1333,75,"Mollusca","Bivalvia","Mytilus","californianus","Mussel","Invert","Susp","Percent","Plankfeed",9,8.41687054363944,8.88664258574957,6.40754686412401,128,5.54288349094449,11.6619512278859,1.08163670348362,11.4178278667679,183,0.864024995986147,13.8230411609014,92.296384467431,51.0556494235992,20,43.0978496297503,2.36812261075935
2004,43.2999992370605,-124.400001525879,18,2,72.2667,75,"Mollusca","Bivalvia","Mytilus","californianus","Mussel","Invert","Susp","Percent","Plankfeed",9,3.04065926737255,3.62133273287145,2.14033599710464,125,1.45634391436566,11.770727906046,1.88743340629684,10.9009615678054,65,0.234872210255937,-25.233082930247,90.5045782421108,11.0183000564575,10,41.3568585125173,3.65083212075754
2004,43.310001373291,-124.393333435059,17,2,25.8667,75,"Mollusca","Bivalvia","Mytilus","californianus","Mussel","Invert","Susp","Percent","Plankfeed",9,3.04065926737255,3.62133273287145,2.14033599710464,125,1.45634391436566,11.770727906046,1.88743340629683,10.9009615678054,65,0.234872210255938,-25.233082930247,90.5045782421108,11.0183000564575,10,41.3568585125173,3.66115601382229
2004,43.3300018310547,-124.374000549316,16,2,15.1667,75,"Mollusca","Bivalvia","Mytilus","californianus","Mussel","Invert","Susp","Percent","Plankfeed",9,3.20251261536815,3.82209352023581,2.1848807318495,109,1.53770066625228,11.6587500360277,1.7945843722129,10.8942434285816,76,0.227086855233928,-25.233082930247,90.5045782421108,11.0183000564575,10,41.3568585125173,3.68534210463834
2004,44.2000007629395,-124.110000610352,15,2,57.2667,75,"Mollusca","Bivalvia","Mytilus","californianus","Mussel","Invert","Susp","Percent","Plankfeed",9,4.55402608565662,6.09845135563992,3.55130274826234,109,2.96715119178427,12.6424744859034,2.28582847796451,12.5127631538793,95,2.19986538832642,-28.5785953998566,86.6647311945406,6.10468530654907,20,39.582343814639,4.39674676000768
2004,44.218334197998,-124.110000610352,14,2,67.5667,75,"Mollusca","Bivalvia","Mytilus","californianus","Mussel","Invert","Susp","Percent","Plankfeed",9,4.55402608565662,6.09845135563992,3.55130274826234,109,2.96715119178427,12.7121428625924,2.31823613523715,12.5558168297947,101,2.22343475837996,-28.5785953998566,86.6647311945406,6.10468530654907,20,39.582343814639,4.40845333609225
2004,44.2425012588501,-124.110000610352,13,2,49.4778,75,"Mollusca","Bivalvia","Mytilus","californianus","Mussel","Invert","Susp","Percent","Plankfeed",9,4.64439129084349,6.5341056465524,3.64779544181444,88,3.1555895200216,12.7121428625924,2.31823613523715,12.5558168297947,101,2.22343475837996,-28.5785953998566,86.6647311945406,6.10468530654907,20,39.582343814639,4.42388489791922
2004,44.7466672261556,-124.059997558594,12,2,82.1395,75,"Mollusca","Bivalvia","Mytilus","californianus","Mussel","Invert","Susp","Percent","Plankfeed",9,5.32350591841866,6.4578577264659,3.58828571941945,77,3.21564268546279,12.4380319270682,2.38247135500038,12.1559659351002,88,2.19019149282116,-35.1098244786263,83.819762702339,-0.760289740562439,20,34.3900824854419,4.77533769736744
2004,44.8066673278809,-124.059997558594,11,2,73.3111,75,"Mollusca","Bivalvia","Mytilus","californianus","Mussel","Invert","Susp","Percent","Plankfeed",9,5.40240369203987,6.48305771504139,3.65496969764883,99,3.15047018919843,12.3256793229476,2.42813786899587,11.8396084337349,83,2.02155254352526,-35.1098244786263,83.819762702339,-0.760289740562439,20,34.3900824854419,4.81364998056415
2004,44.8266677856445,-124.056666056315,10,2,80.6889,75,"Mollusca","Bivalvia","Mytilus","californianus","Mussel","Invert","Susp","Percent","Plankfeed",9,5.37615387845825,6.78941803134728,3.6621190430153,84,3.32431419108393,12.3894530832767,2.55104159953125,11.8264534639758,86,2.05424649989892,-35.1098244786263,83.819762702339,-0.760289740562439,20,34.3900824854419,4.82838809033877
2004,45.7549991607666,-123.965000152588,51,2,3.7333,75,"Mollusca","Bivalvia","Mytilus","californianus","Mussel","Invert","Susp","Percent","Plankfeed",9,6.82453683175539,7.349442613857,4.98064367387487,87,4.13430954307026,14.2107352537267,2.84783332510545,14.2107352537267,85,2.84783332510545,-38.2955410877864,84.9889403536256,-2.7116500377655,10,31.351124618055,5.4752859220329
2004,45.7700004577637,-123.970001220703,9,2,0.1,75,"Mollusca","Bivalvia","Mytilus","californianus","Mussel","Invert","Susp","Percent","Plankfeed",9,6.82453683175539,7.349442613857,4.98064367387487,87,4.13430954307026,14.2107352537267,2.84783332510545,14.2107352537267,85,2.84783332510545,-38.2955410877864,84.9889403536256,-2.7116500377655,10,31.351124618055,5.48191193530206
2004,45.9133326212565,-123.976669311523,50,2,19.6667,75,"Mollusca","Bivalvia","Mytilus","californianus","Mussel","Invert","Susp","Percent","Plankfeed",9,7.53961170420927,7.88710923530544,5.56771791898287,78,4.50763832168087,14.3390060447785,2.59259064074285,14.6600649573586,77,2.41175338720831,-38.2955410877864,84.9889403536256,-2.7116500377655,10,31.351124618055,5.56949766148537
2004,47.8600006103516,-124.569999694824,6,2,0.0667,75,"Mollusca","Bivalvia","Mytilus","californianus","Mussel","Invert","Susp","Percent","Plankfeed",9,9.37495283585674,7.1089085151764,7.60394845303801,97,3.85272812209103,12.2732954169765,2.22568083803059,12.2732954169765,66,2.22568083803059,-32.6536372452974,64.170645427534,-5.71286506056786,20,23.9700235820513,6.462186545747
2004,47.8699989318848,-124.599998474121,5,2,0.2,75,"Mollusca","Bivalvia","Mytilus","californianus","Mussel","Invert","Susp","Percent","Plankfeed",9,8.61520001619093,6.50097194087613,7.1101468605595,143,3.62602303470812,12.3258064126456,2.24174552798328,12.5577586053432,87,2.13027596905223,-32.6536372452974,64.170645427534,-5.71286506056786,20,23.9700235820513,6.45085813161814
2004,47.939998626709,-124.658336639404,4,2,0.2333,75,"Mollusca","Bivalvia","Mytilus","californianus","Mussel","Invert","Susp","Percent","Plankfeed",9,8.314570272757,5.15268611074242,7.25241071358323,112,3.52955386737942,12.2491071224213,2.16483267188757,12.5720588272693,102,1.9943533823228,-32.6536372452974,64.170645427534,-5.71286506056786,20,23.9700235820513,6.46110988562034
2004,48.3133341471354,-124.660003662109,3,2,11.5,75,"Mollusca","Bivalvia","Mytilus","californianus","Mussel","Invert","Susp","Percent","Plankfeed",9,6.35617019838475,5.14084161987944,5.04451764120775,85,3.06440363879834,10.3951086652452,1.4489208344758,10.3964551954127,67,1.41443093136824,-32.6536372452974,64.170645427534,-5.71286506056786,20,23.9700235820513,6.69851412806016
2004,48.3375005722046,-124.687501907349,2,2,22.4333,75,"Mollusca","Bivalvia","Mytilus","californianus","Mussel","Invert","Susp","Percent","Plankfeed",9,6.07687999868393,5.22673777481429,4.83991305465284,115,2.93878767112874,10.5479872671224,1.71912379543032,10.325892840113,112,1.45869061551917,-32.6536372452974,64.170645427534,-5.71286506056786,20,23.9700235820513,6.69770900657917
2004,48.3891661961873,-124.650001525879,1,2,61.8621,75,"Mollusca","Bivalvia","Mytilus","californianus","Mussel","Invert","Susp","Percent","Plankfeed",9,5.83923611293236,5.7940561099411,4.46504512496461,133,3.033614253831,10.1841666327582,1.49501234146105,9.89578123092651,80,1.3286726674192,-32.6536372452974,64.170645427534,-5.71286506056786,20,23.9700235820513,6.75284143388647
